01.10.2018 00:00 - 01.10.2018 01:00,"59.53"
01.10.2018 01:00 - 01.10.2018 02:00,"56.10"
01.10.2018 02:00 - 01.10.2018 03:00,"51.41"
01.10.2018 03:00 - 01.10.2018 04:00,"47.38"
01.10.2018 04:00 - 01.10.2018 05:00,"47.59"
01.10.2018 05:00 - 01.10.2018 06:00,"51.61"
01.10.2018 06:00 - 01.10.2018 07:00,"69.13"
01.10.2018 07:00 - 01.10.2018 08:00,"77.32"
01.10.2018 08:00 - 01.10.2018 09:00,"84.97"
01.10.2018 09:00 - 01.10.2018 10:00,"79.56"
01.10.2018 10:00 - 01.10.2018 11:00,"73.70"
01.10.2018 11:00 - 01.10.2018 12:00,"71.63"
01.10.2018 12:00 - 01.10.2018 13:00,"63.15"
01.10.2018 13:00 - 01.10.2018 14:00,"60.24"
01.10.2018 14:00 - 01.10.2018 15:00,"56.18"
01.10.2018 15:00 - 01.10.2018 16:00,"53.00"
01.10.2018 16:00 - 01.10.2018 17:00,"53.37"
01.10.2018 17:00 - 01.10.2018 18:00,"60.42"
01.10.2018 18:00 - 01.10.2018 19:00,"69.93"
01.10.2018 19:00 - 01.10.2018 20:00,"75.00"
01.10.2018 20:00 - 01.10.2018 21:00,"65.83"
01.10.2018 21:00 - 01.10.2018 22:00,"53.86"
01.10.2018 22:00 - 01.10.2018 23:00,"46.46"
01.10.2018 23:00 - 02.10.2018 00:00,"42.50"
02.10.2018 00:00 - 02.10.2018 01:00,"45.10"
02.10.2018 01:00 - 02.10.2018 02:00,"44.10"
02.10.2018 02:00 - 02.10.2018 03:00,"44.06"
02.10.2018 03:00 - 02.10.2018 04:00,"43.77"
02.10.2018 04:00 - 02.10.2018 05:00,"44.29"
02.10.2018 05:00 - 02.10.2018 06:00,"48.13"
02.10.2018 06:00 - 02.10.2018 07:00,"57.70"
02.10.2018 07:00 - 02.10.2018 08:00,"68.21"
02.10.2018 08:00 - 02.10.2018 09:00,"70.36"
02.10.2018 09:00 - 02.10.2018 10:00,"54.53"
02.10.2018 10:00 - 02.10.2018 11:00,"48.49"
02.10.2018 11:00 - 02.10.2018 12:00,"46.19"
02.10.2018 12:00 - 02.10.2018 13:00,"44.15"
02.10.2018 13:00 - 02.10.2018 14:00,"30.79"
02.10.2018 14:00 - 02.10.2018 15:00,"27.75"
02.10.2018 15:00 - 02.10.2018 16:00,"30.74"
02.10.2018 16:00 - 02.10.2018 17:00,"26.77"
02.10.2018 17:00 - 02.10.2018 18:00,"38.68"
02.10.2018 18:00 - 02.10.2018 19:00,"48.52"
02.10.2018 19:00 - 02.10.2018 20:00,"49.03"
02.10.2018 20:00 - 02.10.2018 21:00,"45.43"
02.10.2018 21:00 - 02.10.2018 22:00,"32.04"
02.10.2018 22:00 - 02.10.2018 23:00,"26.22"
02.10.2018 23:00 - 03.10.2018 00:00,"1.08"
03.10.2018 00:00 - 03.10.2018 01:00,"2.13"
03.10.2018 01:00 - 03.10.2018 02:00,"0.10"
03.10.2018 02:00 - 03.10.2018 03:00,"0.05"
03.10.2018 03:00 - 03.10.2018 04:00,"0.07"
03.10.2018 04:00 - 03.10.2018 05:00,"-0.08"
03.10.2018 05:00 - 03.10.2018 06:00,"-0.09"
03.10.2018 06:00 - 03.10.2018 07:00,"-4.97"
03.10.2018 07:00 - 03.10.2018 08:00,"-0.06"
03.10.2018 08:00 - 03.10.2018 09:00,"0.70"
03.10.2018 09:00 - 03.10.2018 10:00,"0.91"
03.10.2018 10:00 - 03.10.2018 11:00,"-0.03"
03.10.2018 11:00 - 03.10.2018 12:00,"0.03"
03.10.2018 12:00 - 03.10.2018 13:00,"-0.04"
03.10.2018 13:00 - 03.10.2018 14:00,"0.00"
03.10.2018 14:00 - 03.10.2018 15:00,"0.03"
03.10.2018 15:00 - 03.10.2018 16:00,"5.75"
03.10.2018 16:00 - 03.10.2018 17:00,"20.28"
03.10.2018 17:00 - 03.10.2018 18:00,"43.20"
03.10.2018 18:00 - 03.10.2018 19:00,"63.23"
03.10.2018 19:00 - 03.10.2018 20:00,"71.44"
03.10.2018 20:00 - 03.10.2018 21:00,"67.95"
03.10.2018 21:00 - 03.10.2018 22:00,"56.88"
03.10.2018 22:00 - 03.10.2018 23:00,"62.85"
03.10.2018 23:00 - 04.10.2018 00:00,"48.72"
04.10.2018 00:00 - 04.10.2018 01:00,"53.24"
04.10.2018 01:00 - 04.10.2018 02:00,"46.10"
04.10.2018 02:00 - 04.10.2018 03:00,"45.60"
04.10.2018 03:00 - 04.10.2018 04:00,"46.88"
04.10.2018 04:00 - 04.10.2018 05:00,"47.53"
04.10.2018 05:00 - 04.10.2018 06:00,"50.88"
04.10.2018 06:00 - 04.10.2018 07:00,"74.69"
04.10.2018 07:00 - 04.10.2018 08:00,"80.15"
04.10.2018 08:00 - 04.10.2018 09:00,"81.00"
04.10.2018 09:00 - 04.10.2018 10:00,"82.09"
04.10.2018 10:00 - 04.10.2018 11:00,"78.96"
04.10.2018 11:00 - 04.10.2018 12:00,"75.34"
04.10.2018 12:00 - 04.10.2018 13:00,"63.05"
04.10.2018 13:00 - 04.10.2018 14:00,"54.49"
04.10.2018 14:00 - 04.10.2018 15:00,"54.40"
04.10.2018 15:00 - 04.10.2018 16:00,"57.61"
04.10.2018 16:00 - 04.10.2018 17:00,"66.96"
04.10.2018 17:00 - 04.10.2018 18:00,"77.23"
04.10.2018 18:00 - 04.10.2018 19:00,"80.25"
04.10.2018 19:00 - 04.10.2018 20:00,"88.08"
04.10.2018 20:00 - 04.10.2018 21:00,"80.67"
04.10.2018 21:00 - 04.10.2018 22:00,"72.22"
04.10.2018 22:00 - 04.10.2018 23:00,"53.98"
04.10.2018 23:00 - 05.10.2018 00:00,"52.25"
05.10.2018 00:00 - 05.10.2018 01:00,"49.57"
05.10.2018 01:00 - 05.10.2018 02:00,"51.16"
05.10.2018 02:00 - 05.10.2018 03:00,"48.91"
05.10.2018 03:00 - 05.10.2018 04:00,"47.36"
05.10.2018 04:00 - 05.10.2018 05:00,"48.28"
05.10.2018 05:00 - 05.10.2018 06:00,"54.18"
05.10.2018 06:00 - 05.10.2018 07:00,"63.62"
05.10.2018 07:00 - 05.10.2018 08:00,"78.87"
05.10.2018 08:00 - 05.10.2018 09:00,"79.74"
05.10.2018 09:00 - 05.10.2018 10:00,"74.50"
05.10.2018 10:00 - 05.10.2018 11:00,"55.42"
05.10.2018 11:00 - 05.10.2018 12:00,"50.21"
05.10.2018 12:00 - 05.10.2018 13:00,"46.64"
05.10.2018 13:00 - 05.10.2018 14:00,"50.72"
05.10.2018 14:00 - 05.10.2018 15:00,"48.24"
05.10.2018 15:00 - 05.10.2018 16:00,"48.55"
05.10.2018 16:00 - 05.10.2018 17:00,"54.98"
05.10.2018 17:00 - 05.10.2018 18:00,"74.99"
05.10.2018 18:00 - 05.10.2018 19:00,"78.66"
05.10.2018 19:00 - 05.10.2018 20:00,"82.96"
05.10.2018 20:00 - 05.10.2018 21:00,"79.90"
05.10.2018 21:00 - 05.10.2018 22:00,"65.08"
05.10.2018 22:00 - 05.10.2018 23:00,"59.86"
05.10.2018 23:00 - 06.10.2018 00:00,"54.70"
06.10.2018 00:00 - 06.10.2018 01:00,"50.10"
06.10.2018 01:00 - 06.10.2018 02:00,"52.98"
06.10.2018 02:00 - 06.10.2018 03:00,"51.52"
06.10.2018 03:00 - 06.10.2018 04:00,"51.00"
06.10.2018 04:00 - 06.10.2018 05:00,"50.00"
06.10.2018 05:00 - 06.10.2018 06:00,"46.91"
06.10.2018 06:00 - 06.10.2018 07:00,"53.03"
06.10.2018 07:00 - 06.10.2018 08:00,"62.37"
06.10.2018 08:00 - 06.10.2018 09:00,"63.98"
06.10.2018 09:00 - 06.10.2018 10:00,"70.72"
06.10.2018 10:00 - 06.10.2018 11:00,"64.79"
06.10.2018 11:00 - 06.10.2018 12:00,"59.06"
06.10.2018 12:00 - 06.10.2018 13:00,"58.00"
06.10.2018 13:00 - 06.10.2018 14:00,"51.51"
06.10.2018 14:00 - 06.10.2018 15:00,"50.20"
06.10.2018 15:00 - 06.10.2018 16:00,"49.23"
06.10.2018 16:00 - 06.10.2018 17:00,"54.81"
06.10.2018 17:00 - 06.10.2018 18:00,"59.93"
06.10.2018 18:00 - 06.10.2018 19:00,"72.06"
06.10.2018 19:00 - 06.10.2018 20:00,"82.27"
06.10.2018 20:00 - 06.10.2018 21:00,"70.60"
06.10.2018 21:00 - 06.10.2018 22:00,"61.39"
06.10.2018 22:00 - 06.10.2018 23:00,"57.02"
06.10.2018 23:00 - 07.10.2018 00:00,"46.46"
07.10.2018 00:00 - 07.10.2018 01:00,"50.49"
07.10.2018 01:00 - 07.10.2018 02:00,"47.11"
07.10.2018 02:00 - 07.10.2018 03:00,"45.75"
07.10.2018 03:00 - 07.10.2018 04:00,"43.02"
07.10.2018 04:00 - 07.10.2018 05:00,"42.50"
07.10.2018 05:00 - 07.10.2018 06:00,"43.80"
07.10.2018 06:00 - 07.10.2018 07:00,"44.60"
07.10.2018 07:00 - 07.10.2018 08:00,"46.56"
07.10.2018 08:00 - 07.10.2018 09:00,"50.71"
07.10.2018 09:00 - 07.10.2018 10:00,"55.98"
07.10.2018 10:00 - 07.10.2018 11:00,"55.09"
07.10.2018 11:00 - 07.10.2018 12:00,"55.13"
07.10.2018 12:00 - 07.10.2018 13:00,"54.06"
07.10.2018 13:00 - 07.10.2018 14:00,"50.90"
07.10.2018 14:00 - 07.10.2018 15:00,"49.91"
07.10.2018 15:00 - 07.10.2018 16:00,"49.05"
07.10.2018 16:00 - 07.10.2018 17:00,"50.21"
07.10.2018 17:00 - 07.10.2018 18:00,"55.48"
07.10.2018 18:00 - 07.10.2018 19:00,"70.00"
07.10.2018 19:00 - 07.10.2018 20:00,"80.94"
07.10.2018 20:00 - 07.10.2018 21:00,"77.07"
07.10.2018 21:00 - 07.10.2018 22:00,"71.47"
07.10.2018 22:00 - 07.10.2018 23:00,"68.30"
07.10.2018 23:00 - 08.10.2018 00:00,"59.91"
08.10.2018 00:00 - 08.10.2018 01:00,"55.59"
08.10.2018 01:00 - 08.10.2018 02:00,"50.30"
08.10.2018 02:00 - 08.10.2018 03:00,"50.16"
08.10.2018 03:00 - 08.10.2018 04:00,"47.32"
08.10.2018 04:00 - 08.10.2018 05:00,"47.94"
08.10.2018 05:00 - 08.10.2018 06:00,"51.14"
08.10.2018 06:00 - 08.10.2018 07:00,"62.79"
08.10.2018 07:00 - 08.10.2018 08:00,"79.98"
08.10.2018 08:00 - 08.10.2018 09:00,"82.42"
08.10.2018 09:00 - 08.10.2018 10:00,"81.58"
08.10.2018 10:00 - 08.10.2018 11:00,"66.89"
08.10.2018 11:00 - 08.10.2018 12:00,"52.06"
08.10.2018 12:00 - 08.10.2018 13:00,"51.57"
08.10.2018 13:00 - 08.10.2018 14:00,"49.96"
08.10.2018 14:00 - 08.10.2018 15:00,"52.07"
08.10.2018 15:00 - 08.10.2018 16:00,"52.81"
08.10.2018 16:00 - 08.10.2018 17:00,"61.52"
08.10.2018 17:00 - 08.10.2018 18:00,"74.90"
08.10.2018 18:00 - 08.10.2018 19:00,"85.37"
08.10.2018 19:00 - 08.10.2018 20:00,"102.01"
08.10.2018 20:00 - 08.10.2018 21:00,"85.77"
08.10.2018 21:00 - 08.10.2018 22:00,"78.10"
08.10.2018 22:00 - 08.10.2018 23:00,"58.01"
08.10.2018 23:00 - 09.10.2018 00:00,"52.95"
09.10.2018 00:00 - 09.10.2018 01:00,"56.77"
09.10.2018 01:00 - 09.10.2018 02:00,"57.43"
09.10.2018 02:00 - 09.10.2018 03:00,"55.11"
09.10.2018 03:00 - 09.10.2018 04:00,"52.35"
09.10.2018 04:00 - 09.10.2018 05:00,"54.86"
09.10.2018 05:00 - 09.10.2018 06:00,"57.99"
09.10.2018 06:00 - 09.10.2018 07:00,"74.27"
09.10.2018 07:00 - 09.10.2018 08:00,"91.37"
09.10.2018 08:00 - 09.10.2018 09:00,"96.68"
09.10.2018 09:00 - 09.10.2018 10:00,"91.95"
09.10.2018 10:00 - 09.10.2018 11:00,"82.54"
09.10.2018 11:00 - 09.10.2018 12:00,"64.70"
09.10.2018 12:00 - 09.10.2018 13:00,"54.31"
09.10.2018 13:00 - 09.10.2018 14:00,"53.35"
09.10.2018 14:00 - 09.10.2018 15:00,"55.64"
09.10.2018 15:00 - 09.10.2018 16:00,"62.41"
09.10.2018 16:00 - 09.10.2018 17:00,"68.97"
09.10.2018 17:00 - 09.10.2018 18:00,"83.20"
09.10.2018 18:00 - 09.10.2018 19:00,"90.00"
09.10.2018 19:00 - 09.10.2018 20:00,"110.28"
09.10.2018 20:00 - 09.10.2018 21:00,"92.55"
09.10.2018 21:00 - 09.10.2018 22:00,"80.51"
09.10.2018 22:00 - 09.10.2018 23:00,"69.76"
09.10.2018 23:00 - 10.10.2018 00:00,"60.56"
10.10.2018 00:00 - 10.10.2018 01:00,"53.70"
10.10.2018 01:00 - 10.10.2018 02:00,"55.13"
10.10.2018 02:00 - 10.10.2018 03:00,"54.88"
10.10.2018 03:00 - 10.10.2018 04:00,"54.05"
10.10.2018 04:00 - 10.10.2018 05:00,"54.64"
10.10.2018 05:00 - 10.10.2018 06:00,"55.46"
10.10.2018 06:00 - 10.10.2018 07:00,"72.16"
10.10.2018 07:00 - 10.10.2018 08:00,"88.00"
10.10.2018 08:00 - 10.10.2018 09:00,"93.22"
10.10.2018 09:00 - 10.10.2018 10:00,"86.84"
10.10.2018 10:00 - 10.10.2018 11:00,"80.81"
10.10.2018 11:00 - 10.10.2018 12:00,"73.69"
10.10.2018 12:00 - 10.10.2018 13:00,"55.27"
10.10.2018 13:00 - 10.10.2018 14:00,"53.61"
10.10.2018 14:00 - 10.10.2018 15:00,"51.99"
10.10.2018 15:00 - 10.10.2018 16:00,"53.68"
10.10.2018 16:00 - 10.10.2018 17:00,"57.47"
10.10.2018 17:00 - 10.10.2018 18:00,"69.30"
10.10.2018 18:00 - 10.10.2018 19:00,"70.68"
10.10.2018 19:00 - 10.10.2018 20:00,"72.88"
10.10.2018 20:00 - 10.10.2018 21:00,"53.71"
10.10.2018 21:00 - 10.10.2018 22:00,"51.18"
10.10.2018 22:00 - 10.10.2018 23:00,"46.74"
10.10.2018 23:00 - 11.10.2018 00:00,"33.04"
11.10.2018 00:00 - 11.10.2018 01:00,"35.01"
11.10.2018 01:00 - 11.10.2018 02:00,"31.71"
11.10.2018 02:00 - 11.10.2018 03:00,"29.97"
11.10.2018 03:00 - 11.10.2018 04:00,"30.05"
11.10.2018 04:00 - 11.10.2018 05:00,"35.85"
11.10.2018 05:00 - 11.10.2018 06:00,"44.08"
11.10.2018 06:00 - 11.10.2018 07:00,"49.98"
11.10.2018 07:00 - 11.10.2018 08:00,"72.96"
11.10.2018 08:00 - 11.10.2018 09:00,"71.52"
11.10.2018 09:00 - 11.10.2018 10:00,"59.80"
11.10.2018 10:00 - 11.10.2018 11:00,"49.21"
11.10.2018 11:00 - 11.10.2018 12:00,"48.61"
11.10.2018 12:00 - 11.10.2018 13:00,"47.02"
11.10.2018 13:00 - 11.10.2018 14:00,"46.90"
11.10.2018 14:00 - 11.10.2018 15:00,"49.25"
11.10.2018 15:00 - 11.10.2018 16:00,"59.95"
11.10.2018 16:00 - 11.10.2018 17:00,"65.06"
11.10.2018 17:00 - 11.10.2018 18:00,"72.85"
11.10.2018 18:00 - 11.10.2018 19:00,"81.30"
11.10.2018 19:00 - 11.10.2018 20:00,"88.50"
11.10.2018 20:00 - 11.10.2018 21:00,"76.34"
11.10.2018 21:00 - 11.10.2018 22:00,"58.62"
11.10.2018 22:00 - 11.10.2018 23:00,"52.04"
11.10.2018 23:00 - 12.10.2018 00:00,"47.86"
12.10.2018 00:00 - 12.10.2018 01:00,"45.85"
12.10.2018 01:00 - 12.10.2018 02:00,"45.88"
12.10.2018 02:00 - 12.10.2018 03:00,"45.60"
12.10.2018 03:00 - 12.10.2018 04:00,"45.64"
12.10.2018 04:00 - 12.10.2018 05:00,"45.80"
12.10.2018 05:00 - 12.10.2018 06:00,"49.64"
12.10.2018 06:00 - 12.10.2018 07:00,"56.65"
12.10.2018 07:00 - 12.10.2018 08:00,"69.87"
12.10.2018 08:00 - 12.10.2018 09:00,"71.47"
12.10.2018 09:00 - 12.10.2018 10:00,"69.71"
12.10.2018 10:00 - 12.10.2018 11:00,"69.52"
12.10.2018 11:00 - 12.10.2018 12:00,"61.95"
12.10.2018 12:00 - 12.10.2018 13:00,"49.25"
12.10.2018 13:00 - 12.10.2018 14:00,"48.75"
12.10.2018 14:00 - 12.10.2018 15:00,"47.84"
12.10.2018 15:00 - 12.10.2018 16:00,"53.32"
12.10.2018 16:00 - 12.10.2018 17:00,"56.95"
12.10.2018 17:00 - 12.10.2018 18:00,"67.32"
12.10.2018 18:00 - 12.10.2018 19:00,"69.94"
12.10.2018 19:00 - 12.10.2018 20:00,"79.08"
12.10.2018 20:00 - 12.10.2018 21:00,"65.00"
12.10.2018 21:00 - 12.10.2018 22:00,"53.58"
12.10.2018 22:00 - 12.10.2018 23:00,"50.00"
12.10.2018 23:00 - 13.10.2018 00:00,"43.88"
13.10.2018 00:00 - 13.10.2018 01:00,"47.80"
13.10.2018 01:00 - 13.10.2018 02:00,"43.97"
13.10.2018 02:00 - 13.10.2018 03:00,"42.08"
13.10.2018 03:00 - 13.10.2018 04:00,"39.14"
13.10.2018 04:00 - 13.10.2018 05:00,"42.74"
13.10.2018 05:00 - 13.10.2018 06:00,"43.91"
13.10.2018 06:00 - 13.10.2018 07:00,"48.34"
13.10.2018 07:00 - 13.10.2018 08:00,"58.18"
13.10.2018 08:00 - 13.10.2018 09:00,"62.90"
13.10.2018 09:00 - 13.10.2018 10:00,"62.43"
13.10.2018 10:00 - 13.10.2018 11:00,"52.55"
13.10.2018 11:00 - 13.10.2018 12:00,"44.05"
13.10.2018 12:00 - 13.10.2018 13:00,"37.40"
13.10.2018 13:00 - 13.10.2018 14:00,"34.10"
13.10.2018 14:00 - 13.10.2018 15:00,"31.95"
13.10.2018 15:00 - 13.10.2018 16:00,"37.42"
13.10.2018 16:00 - 13.10.2018 17:00,"50.23"
13.10.2018 17:00 - 13.10.2018 18:00,"60.46"
13.10.2018 18:00 - 13.10.2018 19:00,"64.54"
13.10.2018 19:00 - 13.10.2018 20:00,"55.85"
13.10.2018 20:00 - 13.10.2018 21:00,"40.59"
13.10.2018 21:00 - 13.10.2018 22:00,"31.52"
13.10.2018 22:00 - 13.10.2018 23:00,"24.72"
13.10.2018 23:00 - 14.10.2018 00:00,"20.29"
14.10.2018 00:00 - 14.10.2018 01:00,"20.76"
14.10.2018 01:00 - 14.10.2018 02:00,"21.44"
14.10.2018 02:00 - 14.10.2018 03:00,"20.89"
14.10.2018 03:00 - 14.10.2018 04:00,"19.52"
14.10.2018 04:00 - 14.10.2018 05:00,"20.72"
14.10.2018 05:00 - 14.10.2018 06:00,"20.79"
14.10.2018 06:00 - 14.10.2018 07:00,"22.07"
14.10.2018 07:00 - 14.10.2018 08:00,"25.86"
14.10.2018 08:00 - 14.10.2018 09:00,"27.69"
14.10.2018 09:00 - 14.10.2018 10:00,"26.71"
14.10.2018 10:00 - 14.10.2018 11:00,"26.94"
14.10.2018 11:00 - 14.10.2018 12:00,"25.76"
14.10.2018 12:00 - 14.10.2018 13:00,"20.73"
14.10.2018 13:00 - 14.10.2018 14:00,"20.75"
14.10.2018 14:00 - 14.10.2018 15:00,"13.92"
14.10.2018 15:00 - 14.10.2018 16:00,"19.54"
14.10.2018 16:00 - 14.10.2018 17:00,"20.74"
14.10.2018 17:00 - 14.10.2018 18:00,"42.82"
14.10.2018 18:00 - 14.10.2018 19:00,"56.56"
14.10.2018 19:00 - 14.10.2018 20:00,"68.09"
14.10.2018 20:00 - 14.10.2018 21:00,"40.54"
14.10.2018 21:00 - 14.10.2018 22:00,"32.90"
14.10.2018 22:00 - 14.10.2018 23:00,"31.32"
14.10.2018 23:00 - 15.10.2018 00:00,"27.00"
15.10.2018 00:00 - 15.10.2018 01:00,"34.93"
15.10.2018 01:00 - 15.10.2018 02:00,"30.86"
15.10.2018 02:00 - 15.10.2018 03:00,"29.05"
15.10.2018 03:00 - 15.10.2018 04:00,"30.06"
15.10.2018 04:00 - 15.10.2018 05:00,"33.00"
15.10.2018 05:00 - 15.10.2018 06:00,"42.00"
15.10.2018 06:00 - 15.10.2018 07:00,"60.02"
15.10.2018 07:00 - 15.10.2018 08:00,"79.38"
15.10.2018 08:00 - 15.10.2018 09:00,"79.05"
15.10.2018 09:00 - 15.10.2018 10:00,"74.72"
15.10.2018 10:00 - 15.10.2018 11:00,"62.39"
15.10.2018 11:00 - 15.10.2018 12:00,"52.89"
15.10.2018 12:00 - 15.10.2018 13:00,"48.52"
15.10.2018 13:00 - 15.10.2018 14:00,"49.82"
15.10.2018 14:00 - 15.10.2018 15:00,"51.45"
15.10.2018 15:00 - 15.10.2018 16:00,"55.26"
15.10.2018 16:00 - 15.10.2018 17:00,"71.86"
15.10.2018 17:00 - 15.10.2018 18:00,"80.28"
15.10.2018 18:00 - 15.10.2018 19:00,"90.00"
15.10.2018 19:00 - 15.10.2018 20:00,"107.32"
15.10.2018 20:00 - 15.10.2018 21:00,"75.31"
15.10.2018 21:00 - 15.10.2018 22:00,"70.49"
15.10.2018 22:00 - 15.10.2018 23:00,"59.05"
15.10.2018 23:00 - 16.10.2018 00:00,"59.07"
16.10.2018 00:00 - 16.10.2018 01:00,"56.06"
16.10.2018 01:00 - 16.10.2018 02:00,"53.55"
16.10.2018 02:00 - 16.10.2018 03:00,"52.01"
16.10.2018 03:00 - 16.10.2018 04:00,"51.00"
16.10.2018 04:00 - 16.10.2018 05:00,"52.20"
16.10.2018 05:00 - 16.10.2018 06:00,"57.02"
16.10.2018 06:00 - 16.10.2018 07:00,"77.73"
16.10.2018 07:00 - 16.10.2018 08:00,"86.98"
16.10.2018 08:00 - 16.10.2018 09:00,"95.01"
16.10.2018 09:00 - 16.10.2018 10:00,"86.02"
16.10.2018 10:00 - 16.10.2018 11:00,"78.82"
16.10.2018 11:00 - 16.10.2018 12:00,"75.93"
16.10.2018 12:00 - 16.10.2018 13:00,"70.91"
16.10.2018 13:00 - 16.10.2018 14:00,"69.36"
16.10.2018 14:00 - 16.10.2018 15:00,"68.61"
16.10.2018 15:00 - 16.10.2018 16:00,"69.19"
16.10.2018 16:00 - 16.10.2018 17:00,"74.04"
16.10.2018 17:00 - 16.10.2018 18:00,"80.95"
16.10.2018 18:00 - 16.10.2018 19:00,"89.97"
16.10.2018 19:00 - 16.10.2018 20:00,"105.12"
16.10.2018 20:00 - 16.10.2018 21:00,"84.96"
16.10.2018 21:00 - 16.10.2018 22:00,"76.02"
16.10.2018 22:00 - 16.10.2018 23:00,"59.99"
16.10.2018 23:00 - 17.10.2018 00:00,"56.50"
17.10.2018 00:00 - 17.10.2018 01:00,"55.01"
17.10.2018 01:00 - 17.10.2018 02:00,"52.33"
17.10.2018 02:00 - 17.10.2018 03:00,"50.33"
17.10.2018 03:00 - 17.10.2018 04:00,"50.00"
17.10.2018 04:00 - 17.10.2018 05:00,"51.52"
17.10.2018 05:00 - 17.10.2018 06:00,"55.75"
17.10.2018 06:00 - 17.10.2018 07:00,"73.60"
17.10.2018 07:00 - 17.10.2018 08:00,"88.77"
17.10.2018 08:00 - 17.10.2018 09:00,"89.99"
17.10.2018 09:00 - 17.10.2018 10:00,"87.60"
17.10.2018 10:00 - 17.10.2018 11:00,"80.48"
17.10.2018 11:00 - 17.10.2018 12:00,"74.24"
17.10.2018 12:00 - 17.10.2018 13:00,"59.75"
17.10.2018 13:00 - 17.10.2018 14:00,"57.85"
17.10.2018 14:00 - 17.10.2018 15:00,"60.01"
17.10.2018 15:00 - 17.10.2018 16:00,"70.81"
17.10.2018 16:00 - 17.10.2018 17:00,"79.94"
17.10.2018 17:00 - 17.10.2018 18:00,"82.94"
17.10.2018 18:00 - 17.10.2018 19:00,"89.94"
17.10.2018 19:00 - 17.10.2018 20:00,"112.66"
17.10.2018 20:00 - 17.10.2018 21:00,"86.14"
17.10.2018 21:00 - 17.10.2018 22:00,"75.57"
17.10.2018 22:00 - 17.10.2018 23:00,"58.46"
17.10.2018 23:00 - 18.10.2018 00:00,"58.16"
18.10.2018 00:00 - 18.10.2018 01:00,"55.35"
18.10.2018 01:00 - 18.10.2018 02:00,"53.36"
18.10.2018 02:00 - 18.10.2018 03:00,"50.75"
18.10.2018 03:00 - 18.10.2018 04:00,"48.88"
18.10.2018 04:00 - 18.10.2018 05:00,"48.90"
18.10.2018 05:00 - 18.10.2018 06:00,"52.32"
18.10.2018 06:00 - 18.10.2018 07:00,"61.06"
18.10.2018 07:00 - 18.10.2018 08:00,"79.86"
18.10.2018 08:00 - 18.10.2018 09:00,"82.99"
18.10.2018 09:00 - 18.10.2018 10:00,"80.97"
18.10.2018 10:00 - 18.10.2018 11:00,"74.59"
18.10.2018 11:00 - 18.10.2018 12:00,"61.52"
18.10.2018 12:00 - 18.10.2018 13:00,"55.28"
18.10.2018 13:00 - 18.10.2018 14:00,"55.04"
18.10.2018 14:00 - 18.10.2018 15:00,"55.12"
18.10.2018 15:00 - 18.10.2018 16:00,"55.28"
18.10.2018 16:00 - 18.10.2018 17:00,"60.45"
18.10.2018 17:00 - 18.10.2018 18:00,"71.69"
18.10.2018 18:00 - 18.10.2018 19:00,"80.15"
18.10.2018 19:00 - 18.10.2018 20:00,"83.86"
18.10.2018 20:00 - 18.10.2018 21:00,"75.48"
18.10.2018 21:00 - 18.10.2018 22:00,"60.07"
18.10.2018 22:00 - 18.10.2018 23:00,"58.76"
18.10.2018 23:00 - 19.10.2018 00:00,"54.21"
19.10.2018 00:00 - 19.10.2018 01:00,"52.47"
19.10.2018 01:00 - 19.10.2018 02:00,"51.85"
19.10.2018 02:00 - 19.10.2018 03:00,"50.61"
19.10.2018 03:00 - 19.10.2018 04:00,"49.96"
19.10.2018 04:00 - 19.10.2018 05:00,"50.25"
19.10.2018 05:00 - 19.10.2018 06:00,"54.34"
19.10.2018 06:00 - 19.10.2018 07:00,"72.63"
19.10.2018 07:00 - 19.10.2018 08:00,"80.96"
19.10.2018 08:00 - 19.10.2018 09:00,"84.09"
19.10.2018 09:00 - 19.10.2018 10:00,"84.28"
19.10.2018 10:00 - 19.10.2018 11:00,"81.94"
19.10.2018 11:00 - 19.10.2018 12:00,"75.19"
19.10.2018 12:00 - 19.10.2018 13:00,"69.16"
19.10.2018 13:00 - 19.10.2018 14:00,"62.72"
19.10.2018 14:00 - 19.10.2018 15:00,"60.29"
19.10.2018 15:00 - 19.10.2018 16:00,"60.92"
19.10.2018 16:00 - 19.10.2018 17:00,"70.63"
19.10.2018 17:00 - 19.10.2018 18:00,"80.71"
19.10.2018 18:00 - 19.10.2018 19:00,"81.96"
19.10.2018 19:00 - 19.10.2018 20:00,"83.95"
19.10.2018 20:00 - 19.10.2018 21:00,"79.48"
19.10.2018 21:00 - 19.10.2018 22:00,"68.95"
19.10.2018 22:00 - 19.10.2018 23:00,"59.99"
19.10.2018 23:00 - 20.10.2018 00:00,"55.38"
20.10.2018 00:00 - 20.10.2018 01:00,"64.75"
20.10.2018 01:00 - 20.10.2018 02:00,"56.55"
20.10.2018 02:00 - 20.10.2018 03:00,"53.01"
20.10.2018 03:00 - 20.10.2018 04:00,"51.28"
20.10.2018 04:00 - 20.10.2018 05:00,"50.75"
20.10.2018 05:00 - 20.10.2018 06:00,"49.97"
20.10.2018 06:00 - 20.10.2018 07:00,"52.40"
20.10.2018 07:00 - 20.10.2018 08:00,"56.03"
20.10.2018 08:00 - 20.10.2018 09:00,"61.97"
20.10.2018 09:00 - 20.10.2018 10:00,"70.93"
20.10.2018 10:00 - 20.10.2018 11:00,"66.39"
20.10.2018 11:00 - 20.10.2018 12:00,"61.54"
20.10.2018 12:00 - 20.10.2018 13:00,"54.48"
20.10.2018 13:00 - 20.10.2018 14:00,"50.86"
20.10.2018 14:00 - 20.10.2018 15:00,"50.60"
20.10.2018 15:00 - 20.10.2018 16:00,"51.71"
20.10.2018 16:00 - 20.10.2018 17:00,"54.99"
20.10.2018 17:00 - 20.10.2018 18:00,"61.24"
20.10.2018 18:00 - 20.10.2018 19:00,"75.80"
20.10.2018 19:00 - 20.10.2018 20:00,"79.95"
20.10.2018 20:00 - 20.10.2018 21:00,"71.69"
20.10.2018 21:00 - 20.10.2018 22:00,"62.29"
20.10.2018 22:00 - 20.10.2018 23:00,"60.01"
20.10.2018 23:00 - 21.10.2018 00:00,"55.90"
21.10.2018 00:00 - 21.10.2018 01:00,"53.26"
21.10.2018 01:00 - 21.10.2018 02:00,"48.02"
21.10.2018 02:00 - 21.10.2018 03:00,"48.07"
21.10.2018 03:00 - 21.10.2018 04:00,"50.50"
21.10.2018 04:00 - 21.10.2018 05:00,"50.33"
21.10.2018 05:00 - 21.10.2018 06:00,"50.50"
21.10.2018 06:00 - 21.10.2018 07:00,"52.02"
21.10.2018 07:00 - 21.10.2018 08:00,"56.03"
21.10.2018 08:00 - 21.10.2018 09:00,"59.00"
21.10.2018 09:00 - 21.10.2018 10:00,"61.03"
21.10.2018 10:00 - 21.10.2018 11:00,"60.94"
21.10.2018 11:00 - 21.10.2018 12:00,"60.79"
21.10.2018 12:00 - 21.10.2018 13:00,"51.63"
21.10.2018 13:00 - 21.10.2018 14:00,"47.02"
21.10.2018 14:00 - 21.10.2018 15:00,"47.51"
21.10.2018 15:00 - 21.10.2018 16:00,"44.97"
21.10.2018 16:00 - 21.10.2018 17:00,"52.06"
21.10.2018 17:00 - 21.10.2018 18:00,"58.58"
21.10.2018 18:00 - 21.10.2018 19:00,"68.95"
21.10.2018 19:00 - 21.10.2018 20:00,"74.94"
21.10.2018 20:00 - 21.10.2018 21:00,"70.10"
21.10.2018 21:00 - 21.10.2018 22:00,"57.94"
21.10.2018 22:00 - 21.10.2018 23:00,"59.90"
21.10.2018 23:00 - 22.10.2018 00:00,"48.08"
22.10.2018 00:00 - 22.10.2018 01:00,"46.35"
22.10.2018 01:00 - 22.10.2018 02:00,"46.32"
22.10.2018 02:00 - 22.10.2018 03:00,"43.21"
22.10.2018 03:00 - 22.10.2018 04:00,"39.75"
22.10.2018 04:00 - 22.10.2018 05:00,"41.81"
22.10.2018 05:00 - 22.10.2018 06:00,"45.53"
22.10.2018 06:00 - 22.10.2018 07:00,"59.32"
22.10.2018 07:00 - 22.10.2018 08:00,"75.18"
22.10.2018 08:00 - 22.10.2018 09:00,"76.39"
22.10.2018 09:00 - 22.10.2018 10:00,"69.86"
22.10.2018 10:00 - 22.10.2018 11:00,"58.21"
22.10.2018 11:00 - 22.10.2018 12:00,"54.46"
22.10.2018 12:00 - 22.10.2018 13:00,"47.02"
22.10.2018 13:00 - 22.10.2018 14:00,"46.00"
22.10.2018 14:00 - 22.10.2018 15:00,"46.37"
22.10.2018 15:00 - 22.10.2018 16:00,"49.01"
22.10.2018 16:00 - 22.10.2018 17:00,"55.80"
22.10.2018 17:00 - 22.10.2018 18:00,"68.82"
22.10.2018 18:00 - 22.10.2018 19:00,"78.91"
22.10.2018 19:00 - 22.10.2018 20:00,"82.65"
22.10.2018 20:00 - 22.10.2018 21:00,"69.02"
22.10.2018 21:00 - 22.10.2018 22:00,"53.58"
22.10.2018 22:00 - 22.10.2018 23:00,"50.69"
22.10.2018 23:00 - 23.10.2018 00:00,"42.86"
23.10.2018 00:00 - 23.10.2018 01:00,"45.65"
23.10.2018 01:00 - 23.10.2018 02:00,"28.85"
23.10.2018 02:00 - 23.10.2018 03:00,"30.94"
23.10.2018 03:00 - 23.10.2018 04:00,"30.09"
23.10.2018 04:00 - 23.10.2018 05:00,"24.99"
23.10.2018 05:00 - 23.10.2018 06:00,"30.96"
23.10.2018 06:00 - 23.10.2018 07:00,"41.21"
23.10.2018 07:00 - 23.10.2018 08:00,"43.54"
23.10.2018 08:00 - 23.10.2018 09:00,"43.66"
23.10.2018 09:00 - 23.10.2018 10:00,"43.10"
23.10.2018 10:00 - 23.10.2018 11:00,"42.83"
23.10.2018 11:00 - 23.10.2018 12:00,"41.99"
23.10.2018 12:00 - 23.10.2018 13:00,"39.92"
23.10.2018 13:00 - 23.10.2018 14:00,"38.78"
23.10.2018 14:00 - 23.10.2018 15:00,"40.52"
23.10.2018 15:00 - 23.10.2018 16:00,"34.98"
23.10.2018 16:00 - 23.10.2018 17:00,"28.15"
23.10.2018 17:00 - 23.10.2018 18:00,"34.98"
23.10.2018 18:00 - 23.10.2018 19:00,"35.09"
23.10.2018 19:00 - 23.10.2018 20:00,"39.95"
23.10.2018 20:00 - 23.10.2018 21:00,"32.13"
23.10.2018 21:00 - 23.10.2018 22:00,"30.07"
23.10.2018 22:00 - 23.10.2018 23:00,"22.53"
23.10.2018 23:00 - 24.10.2018 00:00,"6.03"
24.10.2018 00:00 - 24.10.2018 01:00,"4.07"
24.10.2018 01:00 - 24.10.2018 02:00,"0.98"
24.10.2018 02:00 - 24.10.2018 03:00,"0.04"
24.10.2018 03:00 - 24.10.2018 04:00,"0.97"
24.10.2018 04:00 - 24.10.2018 05:00,"10.05"
24.10.2018 05:00 - 24.10.2018 06:00,"19.55"
24.10.2018 06:00 - 24.10.2018 07:00,"42.57"
24.10.2018 07:00 - 24.10.2018 08:00,"51.48"
24.10.2018 08:00 - 24.10.2018 09:00,"52.89"
24.10.2018 09:00 - 24.10.2018 10:00,"53.17"
24.10.2018 10:00 - 24.10.2018 11:00,"53.19"
24.10.2018 11:00 - 24.10.2018 12:00,"54.88"
24.10.2018 12:00 - 24.10.2018 13:00,"51.71"
24.10.2018 13:00 - 24.10.2018 14:00,"53.66"
24.10.2018 14:00 - 24.10.2018 15:00,"55.85"
24.10.2018 15:00 - 24.10.2018 16:00,"62.31"
24.10.2018 16:00 - 24.10.2018 17:00,"64.70"
24.10.2018 17:00 - 24.10.2018 18:00,"66.24"
24.10.2018 18:00 - 24.10.2018 19:00,"75.16"
24.10.2018 19:00 - 24.10.2018 20:00,"80.75"
24.10.2018 20:00 - 24.10.2018 21:00,"64.55"
24.10.2018 21:00 - 24.10.2018 22:00,"57.16"
24.10.2018 22:00 - 24.10.2018 23:00,"51.60"
24.10.2018 23:00 - 25.10.2018 00:00,"42.20"
25.10.2018 00:00 - 25.10.2018 01:00,"41.93"
25.10.2018 01:00 - 25.10.2018 02:00,"30.66"
25.10.2018 02:00 - 25.10.2018 03:00,"29.58"
25.10.2018 03:00 - 25.10.2018 04:00,"26.49"
25.10.2018 04:00 - 25.10.2018 05:00,"25.59"
25.10.2018 05:00 - 25.10.2018 06:00,"30.83"
25.10.2018 06:00 - 25.10.2018 07:00,"44.59"
25.10.2018 07:00 - 25.10.2018 08:00,"55.06"
25.10.2018 08:00 - 25.10.2018 09:00,"58.97"
25.10.2018 09:00 - 25.10.2018 10:00,"54.51"
25.10.2018 10:00 - 25.10.2018 11:00,"47.29"
25.10.2018 11:00 - 25.10.2018 12:00,"46.71"
25.10.2018 12:00 - 25.10.2018 13:00,"44.52"
25.10.2018 13:00 - 25.10.2018 14:00,"43.92"
25.10.2018 14:00 - 25.10.2018 15:00,"44.12"
25.10.2018 15:00 - 25.10.2018 16:00,"45.20"
25.10.2018 16:00 - 25.10.2018 17:00,"50.38"
25.10.2018 17:00 - 25.10.2018 18:00,"64.69"
25.10.2018 18:00 - 25.10.2018 19:00,"74.08"
25.10.2018 19:00 - 25.10.2018 20:00,"74.18"
25.10.2018 20:00 - 25.10.2018 21:00,"66.09"
25.10.2018 21:00 - 25.10.2018 22:00,"59.26"
25.10.2018 22:00 - 25.10.2018 23:00,"59.09"
25.10.2018 23:00 - 26.10.2018 00:00,"52.02"
26.10.2018 00:00 - 26.10.2018 01:00,"47.81"
26.10.2018 01:00 - 26.10.2018 02:00,"49.97"
26.10.2018 02:00 - 26.10.2018 03:00,"48.25"
26.10.2018 03:00 - 26.10.2018 04:00,"47.90"
26.10.2018 04:00 - 26.10.2018 05:00,"50.10"
26.10.2018 05:00 - 26.10.2018 06:00,"54.23"
26.10.2018 06:00 - 26.10.2018 07:00,"68.65"
26.10.2018 07:00 - 26.10.2018 08:00,"77.55"
26.10.2018 08:00 - 26.10.2018 09:00,"82.28"
26.10.2018 09:00 - 26.10.2018 10:00,"78.89"
26.10.2018 10:00 - 26.10.2018 11:00,"75.22"
26.10.2018 11:00 - 26.10.2018 12:00,"69.09"
26.10.2018 12:00 - 26.10.2018 13:00,"57.20"
26.10.2018 13:00 - 26.10.2018 14:00,"50.46"
26.10.2018 14:00 - 26.10.2018 15:00,"47.85"
26.10.2018 15:00 - 26.10.2018 16:00,"49.17"
26.10.2018 16:00 - 26.10.2018 17:00,"55.27"
26.10.2018 17:00 - 26.10.2018 18:00,"67.37"
26.10.2018 18:00 - 26.10.2018 19:00,"71.01"
26.10.2018 19:00 - 26.10.2018 20:00,"65.98"
26.10.2018 20:00 - 26.10.2018 21:00,"56.68"
26.10.2018 21:00 - 26.10.2018 22:00,"49.95"
26.10.2018 22:00 - 26.10.2018 23:00,"43.79"
26.10.2018 23:00 - 27.10.2018 00:00,"39.96"
27.10.2018 00:00 - 27.10.2018 01:00,"30.55"
27.10.2018 01:00 - 27.10.2018 02:00,"25.52"
27.10.2018 02:00 - 27.10.2018 03:00,"25.14"
27.10.2018 03:00 - 27.10.2018 04:00,"27.86"
27.10.2018 04:00 - 27.10.2018 05:00,"24.39"
27.10.2018 05:00 - 27.10.2018 06:00,"30.11"
27.10.2018 06:00 - 27.10.2018 07:00,"37.43"
27.10.2018 07:00 - 27.10.2018 08:00,"46.51"
27.10.2018 08:00 - 27.10.2018 09:00,"47.13"
27.10.2018 09:00 - 27.10.2018 10:00,"50.24"
27.10.2018 10:00 - 27.10.2018 11:00,"50.70"
27.10.2018 11:00 - 27.10.2018 12:00,"48.90"
27.10.2018 12:00 - 27.10.2018 13:00,"50.86"
27.10.2018 13:00 - 27.10.2018 14:00,"50.23"
27.10.2018 14:00 - 27.10.2018 15:00,"55.28"
27.10.2018 15:00 - 27.10.2018 16:00,"58.74"
27.10.2018 16:00 - 27.10.2018 17:00,"58.96"
27.10.2018 17:00 - 27.10.2018 18:00,"69.74"
27.10.2018 18:00 - 27.10.2018 19:00,"79.72"
27.10.2018 19:00 - 27.10.2018 20:00,"76.25"
27.10.2018 20:00 - 27.10.2018 21:00,"61.16"
27.10.2018 21:00 - 27.10.2018 22:00,"54.45"
27.10.2018 22:00 - 27.10.2018 23:00,"50.19"
27.10.2018 23:00 - 28.10.2018 00:00,"44.92"
28.10.2018 00:00 - 28.10.2018 01:00,"44.53"
28.10.2018 01:00 - 28.10.2018 02:00,"43.58"
28.10.2018 02:00 - 28.10.2018 03:00,"41.62"
28.10.2018 02:00 - 28.10.2018 03:00,"41.59"
28.10.2018 03:00 - 28.10.2018 04:00,"40.12"
28.10.2018 04:00 - 28.10.2018 05:00,"39.05"
28.10.2018 05:00 - 28.10.2018 06:00,"40.34"
28.10.2018 06:00 - 28.10.2018 07:00,"39.95"
28.10.2018 07:00 - 28.10.2018 08:00,"42.70"
28.10.2018 08:00 - 28.10.2018 09:00,"45.83"
28.10.2018 09:00 - 28.10.2018 10:00,"47.97"
28.10.2018 10:00 - 28.10.2018 11:00,"47.00"
28.10.2018 11:00 - 28.10.2018 12:00,"46.87"
28.10.2018 12:00 - 28.10.2018 13:00,"46.25"
28.10.2018 13:00 - 28.10.2018 14:00,"42.64"
28.10.2018 14:00 - 28.10.2018 15:00,"41.31"
28.10.2018 15:00 - 28.10.2018 16:00,"45.58"
28.10.2018 16:00 - 28.10.2018 17:00,"47.20"
28.10.2018 17:00 - 28.10.2018 18:00,"48.37"
28.10.2018 18:00 - 28.10.2018 19:00,"47.94"
28.10.2018 19:00 - 28.10.2018 20:00,"46.30"
28.10.2018 20:00 - 28.10.2018 21:00,"45.00"
28.10.2018 21:00 - 28.10.2018 22:00,"44.27"
28.10.2018 22:00 - 28.10.2018 23:00,"42.58"
28.10.2018 23:00 - 29.10.2018 00:00,"27.93"
29.10.2018 00:00 - 29.10.2018 01:00,"23.00"
29.10.2018 01:00 - 29.10.2018 02:00,"24.25"
29.10.2018 02:00 - 29.10.2018 03:00,"23.45"
29.10.2018 03:00 - 29.10.2018 04:00,"24.27"
29.10.2018 04:00 - 29.10.2018 05:00,"25.32"
29.10.2018 05:00 - 29.10.2018 06:00,"30.83"
29.10.2018 06:00 - 29.10.2018 07:00,"51.33"
29.10.2018 07:00 - 29.10.2018 08:00,"64.34"
29.10.2018 08:00 - 29.10.2018 09:00,"62.56"
29.10.2018 09:00 - 29.10.2018 10:00,"56.55"
29.10.2018 10:00 - 29.10.2018 11:00,"58.34"
29.10.2018 11:00 - 29.10.2018 12:00,"55.93"
29.10.2018 12:00 - 29.10.2018 13:00,"55.94"
29.10.2018 13:00 - 29.10.2018 14:00,"53.94"
29.10.2018 14:00 - 29.10.2018 15:00,"52.69"
29.10.2018 15:00 - 29.10.2018 16:00,"50.00"
29.10.2018 16:00 - 29.10.2018 17:00,"52.23"
29.10.2018 17:00 - 29.10.2018 18:00,"56.22"
29.10.2018 18:00 - 29.10.2018 19:00,"48.68"
29.10.2018 19:00 - 29.10.2018 20:00,"45.63"
29.10.2018 20:00 - 29.10.2018 21:00,"45.64"
29.10.2018 21:00 - 29.10.2018 22:00,"40.75"
29.10.2018 22:00 - 29.10.2018 23:00,"30.33"
29.10.2018 23:00 - 30.10.2018 00:00,"23.16"
30.10.2018 00:00 - 30.10.2018 01:00,"26.02"
30.10.2018 01:00 - 30.10.2018 02:00,"20.09"
30.10.2018 02:00 - 30.10.2018 03:00,"18.65"
30.10.2018 03:00 - 30.10.2018 04:00,"19.13"
30.10.2018 04:00 - 30.10.2018 05:00,"19.15"
30.10.2018 05:00 - 30.10.2018 06:00,"22.11"
30.10.2018 06:00 - 30.10.2018 07:00,"33.68"
30.10.2018 07:00 - 30.10.2018 08:00,"44.89"
30.10.2018 08:00 - 30.10.2018 09:00,"44.81"
30.10.2018 09:00 - 30.10.2018 10:00,"35.89"
30.10.2018 10:00 - 30.10.2018 11:00,"30.51"
30.10.2018 11:00 - 30.10.2018 12:00,"30.37"
30.10.2018 12:00 - 30.10.2018 13:00,"29.95"
30.10.2018 13:00 - 30.10.2018 14:00,"34.55"
30.10.2018 14:00 - 30.10.2018 15:00,"42.78"
30.10.2018 15:00 - 30.10.2018 16:00,"45.75"
30.10.2018 16:00 - 30.10.2018 17:00,"45.43"
30.10.2018 17:00 - 30.10.2018 18:00,"46.36"
30.10.2018 18:00 - 30.10.2018 19:00,"46.12"
30.10.2018 19:00 - 30.10.2018 20:00,"44.91"
30.10.2018 20:00 - 30.10.2018 21:00,"44.02"
30.10.2018 21:00 - 30.10.2018 22:00,"32.02"
30.10.2018 22:00 - 30.10.2018 23:00,"29.30"
30.10.2018 23:00 - 31.10.2018 00:00,"21.66"
31.10.2018 00:00 - 31.10.2018 01:00,"20.64"
31.10.2018 01:00 - 31.10.2018 02:00,"16.61"
31.10.2018 02:00 - 31.10.2018 03:00,"17.22"
31.10.2018 03:00 - 31.10.2018 04:00,"21.20"
31.10.2018 04:00 - 31.10.2018 05:00,"26.18"
31.10.2018 05:00 - 31.10.2018 06:00,"25.78"
31.10.2018 06:00 - 31.10.2018 07:00,"44.09"
31.10.2018 07:00 - 31.10.2018 08:00,"44.94"
31.10.2018 08:00 - 31.10.2018 09:00,"44.82"
31.10.2018 09:00 - 31.10.2018 10:00,"44.19"
31.10.2018 10:00 - 31.10.2018 11:00,"43.83"
31.10.2018 11:00 - 31.10.2018 12:00,"44.04"
31.10.2018 12:00 - 31.10.2018 13:00,"45.22"
31.10.2018 13:00 - 31.10.2018 14:00,"49.18"
31.10.2018 14:00 - 31.10.2018 15:00,"61.65"
31.10.2018 15:00 - 31.10.2018 16:00,"69.16"
31.10.2018 16:00 - 31.10.2018 17:00,"75.45"
31.10.2018 17:00 - 31.10.2018 18:00,"82.07"
31.10.2018 18:00 - 31.10.2018 19:00,"74.02"
31.10.2018 19:00 - 31.10.2018 20:00,"62.20"
31.10.2018 20:00 - 31.10.2018 21:00,"50.08"
31.10.2018 21:00 - 31.10.2018 22:00,"44.42"
31.10.2018 22:00 - 31.10.2018 23:00,"41.29"
31.10.2018 23:00 - 01.11.2018 00:00,"35.06"
01.11.2018 00:00 - 01.11.2018 01:00,"40.86"
01.11.2018 01:00 - 01.11.2018 02:00,"41.10"
01.11.2018 02:00 - 01.11.2018 03:00,"40.59"
01.11.2018 03:00 - 01.11.2018 04:00,"40.09"
01.11.2018 04:00 - 01.11.2018 05:00,"39.11"
01.11.2018 05:00 - 01.11.2018 06:00,"39.07"
01.11.2018 06:00 - 01.11.2018 07:00,"38.03"
01.11.2018 07:00 - 01.11.2018 08:00,"43.40"
01.11.2018 08:00 - 01.11.2018 09:00,"45.33"
01.11.2018 09:00 - 01.11.2018 10:00,"45.05"
01.11.2018 10:00 - 01.11.2018 11:00,"45.37"
01.11.2018 11:00 - 01.11.2018 12:00,"45.91"
01.11.2018 12:00 - 01.11.2018 13:00,"50.15"
01.11.2018 13:00 - 01.11.2018 14:00,"55.37"
01.11.2018 14:00 - 01.11.2018 15:00,"53.07"
01.11.2018 15:00 - 01.11.2018 16:00,"53.09"
01.11.2018 16:00 - 01.11.2018 17:00,"50.38"
01.11.2018 17:00 - 01.11.2018 18:00,"62.99"
01.11.2018 18:00 - 01.11.2018 19:00,"70.69"
01.11.2018 19:00 - 01.11.2018 20:00,"65.00"
01.11.2018 20:00 - 01.11.2018 21:00,"53.98"
01.11.2018 21:00 - 01.11.2018 22:00,"45.80"
01.11.2018 22:00 - 01.11.2018 23:00,"44.63"
01.11.2018 23:00 - 02.11.2018 00:00,"40.86"
02.11.2018 00:00 - 02.11.2018 01:00,"42.22"
02.11.2018 01:00 - 02.11.2018 02:00,"40.98"
02.11.2018 02:00 - 02.11.2018 03:00,"40.80"
02.11.2018 03:00 - 02.11.2018 04:00,"40.55"
02.11.2018 04:00 - 02.11.2018 05:00,"40.82"
02.11.2018 05:00 - 02.11.2018 06:00,"45.06"
02.11.2018 06:00 - 02.11.2018 07:00,"48.41"
02.11.2018 07:00 - 02.11.2018 08:00,"54.12"
02.11.2018 08:00 - 02.11.2018 09:00,"59.90"
02.11.2018 09:00 - 02.11.2018 10:00,"54.06"
02.11.2018 10:00 - 02.11.2018 11:00,"50.22"
02.11.2018 11:00 - 02.11.2018 12:00,"50.03"
02.11.2018 12:00 - 02.11.2018 13:00,"50.65"
02.11.2018 13:00 - 02.11.2018 14:00,"54.98"
02.11.2018 14:00 - 02.11.2018 15:00,"63.07"
02.11.2018 15:00 - 02.11.2018 16:00,"66.03"
02.11.2018 16:00 - 02.11.2018 17:00,"70.99"
02.11.2018 17:00 - 02.11.2018 18:00,"81.09"
02.11.2018 18:00 - 02.11.2018 19:00,"78.96"
02.11.2018 19:00 - 02.11.2018 20:00,"72.01"
02.11.2018 20:00 - 02.11.2018 21:00,"59.09"
02.11.2018 21:00 - 02.11.2018 22:00,"52.15"
02.11.2018 22:00 - 02.11.2018 23:00,"49.84"
02.11.2018 23:00 - 03.11.2018 00:00,"48.42"
03.11.2018 00:00 - 03.11.2018 01:00,"46.51"
03.11.2018 01:00 - 03.11.2018 02:00,"46.04"
03.11.2018 02:00 - 03.11.2018 03:00,"44.55"
03.11.2018 03:00 - 03.11.2018 04:00,"44.65"
03.11.2018 04:00 - 03.11.2018 05:00,"44.71"
03.11.2018 05:00 - 03.11.2018 06:00,"44.81"
03.11.2018 06:00 - 03.11.2018 07:00,"50.01"
03.11.2018 07:00 - 03.11.2018 08:00,"55.84"
03.11.2018 08:00 - 03.11.2018 09:00,"61.50"
03.11.2018 09:00 - 03.11.2018 10:00,"65.03"
03.11.2018 10:00 - 03.11.2018 11:00,"63.36"
03.11.2018 11:00 - 03.11.2018 12:00,"56.30"
03.11.2018 12:00 - 03.11.2018 13:00,"50.36"
03.11.2018 13:00 - 03.11.2018 14:00,"48.79"
03.11.2018 14:00 - 03.11.2018 15:00,"48.87"
03.11.2018 15:00 - 03.11.2018 16:00,"56.84"
03.11.2018 16:00 - 03.11.2018 17:00,"61.41"
03.11.2018 17:00 - 03.11.2018 18:00,"69.58"
03.11.2018 18:00 - 03.11.2018 19:00,"62.24"
03.11.2018 19:00 - 03.11.2018 20:00,"54.45"
03.11.2018 20:00 - 03.11.2018 21:00,"45.67"
03.11.2018 21:00 - 03.11.2018 22:00,"43.74"
03.11.2018 22:00 - 03.11.2018 23:00,"42.33"
03.11.2018 23:00 - 04.11.2018 00:00,"41.44"
04.11.2018 00:00 - 04.11.2018 01:00,"42.44"
04.11.2018 01:00 - 04.11.2018 02:00,"42.06"
04.11.2018 02:00 - 04.11.2018 03:00,"41.90"
04.11.2018 03:00 - 04.11.2018 04:00,"41.19"
04.11.2018 04:00 - 04.11.2018 05:00,"41.04"
04.11.2018 05:00 - 04.11.2018 06:00,"41.34"
04.11.2018 06:00 - 04.11.2018 07:00,"41.95"
04.11.2018 07:00 - 04.11.2018 08:00,"43.13"
04.11.2018 08:00 - 04.11.2018 09:00,"45.48"
04.11.2018 09:00 - 04.11.2018 10:00,"48.26"
04.11.2018 10:00 - 04.11.2018 11:00,"46.76"
04.11.2018 11:00 - 04.11.2018 12:00,"51.06"
04.11.2018 12:00 - 04.11.2018 13:00,"48.82"
04.11.2018 13:00 - 04.11.2018 14:00,"46.01"
04.11.2018 14:00 - 04.11.2018 15:00,"45.87"
04.11.2018 15:00 - 04.11.2018 16:00,"51.01"
04.11.2018 16:00 - 04.11.2018 17:00,"52.30"
04.11.2018 17:00 - 04.11.2018 18:00,"62.99"
04.11.2018 18:00 - 04.11.2018 19:00,"67.17"
04.11.2018 19:00 - 04.11.2018 20:00,"57.69"
04.11.2018 20:00 - 04.11.2018 21:00,"48.04"
04.11.2018 21:00 - 04.11.2018 22:00,"45.00"
04.11.2018 22:00 - 04.11.2018 23:00,"44.78"
04.11.2018 23:00 - 05.11.2018 00:00,"42.93"
05.11.2018 00:00 - 05.11.2018 01:00,"40.54"
05.11.2018 01:00 - 05.11.2018 02:00,"42.66"
05.11.2018 02:00 - 05.11.2018 03:00,"43.13"
05.11.2018 03:00 - 05.11.2018 04:00,"41.72"
05.11.2018 04:00 - 05.11.2018 05:00,"40.58"
05.11.2018 05:00 - 05.11.2018 06:00,"42.53"
05.11.2018 06:00 - 05.11.2018 07:00,"54.22"
05.11.2018 07:00 - 05.11.2018 08:00,"67.64"
05.11.2018 08:00 - 05.11.2018 09:00,"69.91"
05.11.2018 09:00 - 05.11.2018 10:00,"67.50"
05.11.2018 10:00 - 05.11.2018 11:00,"68.28"
05.11.2018 11:00 - 05.11.2018 12:00,"68.31"
05.11.2018 12:00 - 05.11.2018 13:00,"65.83"
05.11.2018 13:00 - 05.11.2018 14:00,"67.17"
05.11.2018 14:00 - 05.11.2018 15:00,"68.21"
05.11.2018 15:00 - 05.11.2018 16:00,"70.94"
05.11.2018 16:00 - 05.11.2018 17:00,"69.80"
05.11.2018 17:00 - 05.11.2018 18:00,"68.81"
05.11.2018 18:00 - 05.11.2018 19:00,"59.33"
05.11.2018 19:00 - 05.11.2018 20:00,"58.57"
05.11.2018 20:00 - 05.11.2018 21:00,"53.90"
05.11.2018 21:00 - 05.11.2018 22:00,"50.84"
05.11.2018 22:00 - 05.11.2018 23:00,"48.18"
05.11.2018 23:00 - 06.11.2018 00:00,"44.06"
06.11.2018 00:00 - 06.11.2018 01:00,"46.37"
06.11.2018 01:00 - 06.11.2018 02:00,"46.12"
06.11.2018 02:00 - 06.11.2018 03:00,"44.78"
06.11.2018 03:00 - 06.11.2018 04:00,"43.53"
06.11.2018 04:00 - 06.11.2018 05:00,"43.93"
06.11.2018 05:00 - 06.11.2018 06:00,"48.18"
06.11.2018 06:00 - 06.11.2018 07:00,"57.10"
06.11.2018 07:00 - 06.11.2018 08:00,"67.95"
06.11.2018 08:00 - 06.11.2018 09:00,"70.10"
06.11.2018 09:00 - 06.11.2018 10:00,"68.25"
06.11.2018 10:00 - 06.11.2018 11:00,"64.72"
06.11.2018 11:00 - 06.11.2018 12:00,"63.86"
06.11.2018 12:00 - 06.11.2018 13:00,"60.73"
06.11.2018 13:00 - 06.11.2018 14:00,"62.41"
06.11.2018 14:00 - 06.11.2018 15:00,"63.14"
06.11.2018 15:00 - 06.11.2018 16:00,"64.34"
06.11.2018 16:00 - 06.11.2018 17:00,"66.89"
06.11.2018 17:00 - 06.11.2018 18:00,"74.68"
06.11.2018 18:00 - 06.11.2018 19:00,"72.94"
06.11.2018 19:00 - 06.11.2018 20:00,"70.97"
06.11.2018 20:00 - 06.11.2018 21:00,"59.26"
06.11.2018 21:00 - 06.11.2018 22:00,"52.00"
06.11.2018 22:00 - 06.11.2018 23:00,"47.99"
06.11.2018 23:00 - 07.11.2018 00:00,"44.95"
07.11.2018 00:00 - 07.11.2018 01:00,"44.51"
07.11.2018 01:00 - 07.11.2018 02:00,"43.53"
07.11.2018 02:00 - 07.11.2018 03:00,"41.59"
07.11.2018 03:00 - 07.11.2018 04:00,"40.64"
07.11.2018 04:00 - 07.11.2018 05:00,"41.77"
07.11.2018 05:00 - 07.11.2018 06:00,"43.77"
07.11.2018 06:00 - 07.11.2018 07:00,"50.79"
07.11.2018 07:00 - 07.11.2018 08:00,"61.99"
07.11.2018 08:00 - 07.11.2018 09:00,"64.18"
07.11.2018 09:00 - 07.11.2018 10:00,"63.01"
07.11.2018 10:00 - 07.11.2018 11:00,"61.56"
07.11.2018 11:00 - 07.11.2018 12:00,"58.36"
07.11.2018 12:00 - 07.11.2018 13:00,"58.35"
07.11.2018 13:00 - 07.11.2018 14:00,"60.03"
07.11.2018 14:00 - 07.11.2018 15:00,"62.94"
07.11.2018 15:00 - 07.11.2018 16:00,"65.61"
07.11.2018 16:00 - 07.11.2018 17:00,"67.70"
07.11.2018 17:00 - 07.11.2018 18:00,"70.99"
07.11.2018 18:00 - 07.11.2018 19:00,"68.61"
07.11.2018 19:00 - 07.11.2018 20:00,"66.05"
07.11.2018 20:00 - 07.11.2018 21:00,"62.82"
07.11.2018 21:00 - 07.11.2018 22:00,"49.30"
07.11.2018 22:00 - 07.11.2018 23:00,"51.23"
07.11.2018 23:00 - 08.11.2018 00:00,"44.86"
08.11.2018 00:00 - 08.11.2018 01:00,"45.00"
08.11.2018 01:00 - 08.11.2018 02:00,"44.83"
08.11.2018 02:00 - 08.11.2018 03:00,"44.31"
08.11.2018 03:00 - 08.11.2018 04:00,"44.33"
08.11.2018 04:00 - 08.11.2018 05:00,"44.57"
08.11.2018 05:00 - 08.11.2018 06:00,"46.78"
08.11.2018 06:00 - 08.11.2018 07:00,"56.92"
08.11.2018 07:00 - 08.11.2018 08:00,"67.00"
08.11.2018 08:00 - 08.11.2018 09:00,"68.95"
08.11.2018 09:00 - 08.11.2018 10:00,"68.82"
08.11.2018 10:00 - 08.11.2018 11:00,"67.71"
08.11.2018 11:00 - 08.11.2018 12:00,"67.43"
08.11.2018 12:00 - 08.11.2018 13:00,"64.97"
08.11.2018 13:00 - 08.11.2018 14:00,"65.67"
08.11.2018 14:00 - 08.11.2018 15:00,"67.49"
08.11.2018 15:00 - 08.11.2018 16:00,"68.49"
08.11.2018 16:00 - 08.11.2018 17:00,"72.63"
08.11.2018 17:00 - 08.11.2018 18:00,"92.18"
08.11.2018 18:00 - 08.11.2018 19:00,"90.06"
08.11.2018 19:00 - 08.11.2018 20:00,"75.82"
08.11.2018 20:00 - 08.11.2018 21:00,"69.07"
08.11.2018 21:00 - 08.11.2018 22:00,"62.63"
08.11.2018 22:00 - 08.11.2018 23:00,"59.32"
08.11.2018 23:00 - 09.11.2018 00:00,"53.91"
09.11.2018 00:00 - 09.11.2018 01:00,"50.77"
09.11.2018 01:00 - 09.11.2018 02:00,"50.60"
09.11.2018 02:00 - 09.11.2018 03:00,"48.12"
09.11.2018 03:00 - 09.11.2018 04:00,"47.64"
09.11.2018 04:00 - 09.11.2018 05:00,"47.84"
09.11.2018 05:00 - 09.11.2018 06:00,"51.00"
09.11.2018 06:00 - 09.11.2018 07:00,"62.16"
09.11.2018 07:00 - 09.11.2018 08:00,"69.06"
09.11.2018 08:00 - 09.11.2018 09:00,"72.56"
09.11.2018 09:00 - 09.11.2018 10:00,"66.30"
09.11.2018 10:00 - 09.11.2018 11:00,"67.69"
09.11.2018 11:00 - 09.11.2018 12:00,"65.99"
09.11.2018 12:00 - 09.11.2018 13:00,"63.75"
09.11.2018 13:00 - 09.11.2018 14:00,"62.15"
09.11.2018 14:00 - 09.11.2018 15:00,"62.84"
09.11.2018 15:00 - 09.11.2018 16:00,"64.81"
09.11.2018 16:00 - 09.11.2018 17:00,"67.40"
09.11.2018 17:00 - 09.11.2018 18:00,"69.72"
09.11.2018 18:00 - 09.11.2018 19:00,"68.16"
09.11.2018 19:00 - 09.11.2018 20:00,"66.44"
09.11.2018 20:00 - 09.11.2018 21:00,"60.42"
09.11.2018 21:00 - 09.11.2018 22:00,"52.94"
09.11.2018 22:00 - 09.11.2018 23:00,"47.28"
09.11.2018 23:00 - 10.11.2018 00:00,"42.71"
10.11.2018 00:00 - 10.11.2018 01:00,"42.69"
10.11.2018 01:00 - 10.11.2018 02:00,"40.49"
10.11.2018 02:00 - 10.11.2018 03:00,"38.79"
10.11.2018 03:00 - 10.11.2018 04:00,"38.92"
10.11.2018 04:00 - 10.11.2018 05:00,"38.20"
10.11.2018 05:00 - 10.11.2018 06:00,"38.23"
10.11.2018 06:00 - 10.11.2018 07:00,"38.78"
10.11.2018 07:00 - 10.11.2018 08:00,"40.31"
10.11.2018 08:00 - 10.11.2018 09:00,"42.71"
10.11.2018 09:00 - 10.11.2018 10:00,"43.23"
10.11.2018 10:00 - 10.11.2018 11:00,"43.69"
10.11.2018 11:00 - 10.11.2018 12:00,"43.75"
10.11.2018 12:00 - 10.11.2018 13:00,"43.74"
10.11.2018 13:00 - 10.11.2018 14:00,"42.87"
10.11.2018 14:00 - 10.11.2018 15:00,"45.07"
10.11.2018 15:00 - 10.11.2018 16:00,"49.31"
10.11.2018 16:00 - 10.11.2018 17:00,"49.44"
10.11.2018 17:00 - 10.11.2018 18:00,"50.91"
10.11.2018 18:00 - 10.11.2018 19:00,"49.75"
10.11.2018 19:00 - 10.11.2018 20:00,"47.78"
10.11.2018 20:00 - 10.11.2018 21:00,"42.93"
10.11.2018 21:00 - 10.11.2018 22:00,"41.21"
10.11.2018 22:00 - 10.11.2018 23:00,"41.19"
10.11.2018 23:00 - 11.11.2018 00:00,"39.58"
11.11.2018 00:00 - 11.11.2018 01:00,"34.58"
11.11.2018 01:00 - 11.11.2018 02:00,"30.67"
11.11.2018 02:00 - 11.11.2018 03:00,"37.93"
11.11.2018 03:00 - 11.11.2018 04:00,"35.84"
11.11.2018 04:00 - 11.11.2018 05:00,"34.05"
11.11.2018 05:00 - 11.11.2018 06:00,"34.15"
11.11.2018 06:00 - 11.11.2018 07:00,"33.96"
11.11.2018 07:00 - 11.11.2018 08:00,"37.98"
11.11.2018 08:00 - 11.11.2018 09:00,"40.05"
11.11.2018 09:00 - 11.11.2018 10:00,"41.26"
11.11.2018 10:00 - 11.11.2018 11:00,"42.08"
11.11.2018 11:00 - 11.11.2018 12:00,"42.25"
11.11.2018 12:00 - 11.11.2018 13:00,"41.14"
11.11.2018 13:00 - 11.11.2018 14:00,"38.59"
11.11.2018 14:00 - 11.11.2018 15:00,"40.41"
11.11.2018 15:00 - 11.11.2018 16:00,"42.38"
11.11.2018 16:00 - 11.11.2018 17:00,"44.75"
11.11.2018 17:00 - 11.11.2018 18:00,"46.51"
11.11.2018 18:00 - 11.11.2018 19:00,"45.12"
11.11.2018 19:00 - 11.11.2018 20:00,"43.85"
11.11.2018 20:00 - 11.11.2018 21:00,"43.04"
11.11.2018 21:00 - 11.11.2018 22:00,"41.64"
11.11.2018 22:00 - 11.11.2018 23:00,"42.67"
11.11.2018 23:00 - 12.11.2018 00:00,"38.58"
12.11.2018 00:00 - 12.11.2018 01:00,"36.10"
12.11.2018 01:00 - 12.11.2018 02:00,"37.80"
12.11.2018 02:00 - 12.11.2018 03:00,"38.33"
12.11.2018 03:00 - 12.11.2018 04:00,"39.20"
12.11.2018 04:00 - 12.11.2018 05:00,"38.57"
12.11.2018 05:00 - 12.11.2018 06:00,"43.54"
12.11.2018 06:00 - 12.11.2018 07:00,"64.68"
12.11.2018 07:00 - 12.11.2018 08:00,"69.87"
12.11.2018 08:00 - 12.11.2018 09:00,"68.71"
12.11.2018 09:00 - 12.11.2018 10:00,"61.15"
12.11.2018 10:00 - 12.11.2018 11:00,"58.71"
12.11.2018 11:00 - 12.11.2018 12:00,"54.76"
12.11.2018 12:00 - 12.11.2018 13:00,"63.58"
12.11.2018 13:00 - 12.11.2018 14:00,"65.07"
12.11.2018 14:00 - 12.11.2018 15:00,"67.05"
12.11.2018 15:00 - 12.11.2018 16:00,"67.87"
12.11.2018 16:00 - 12.11.2018 17:00,"67.63"
12.11.2018 17:00 - 12.11.2018 18:00,"66.76"
12.11.2018 18:00 - 12.11.2018 19:00,"63.48"
12.11.2018 19:00 - 12.11.2018 20:00,"59.16"
12.11.2018 20:00 - 12.11.2018 21:00,"51.64"
12.11.2018 21:00 - 12.11.2018 22:00,"46.90"
12.11.2018 22:00 - 12.11.2018 23:00,"45.34"
12.11.2018 23:00 - 13.11.2018 00:00,"41.81"
13.11.2018 00:00 - 13.11.2018 01:00,"44.54"
13.11.2018 01:00 - 13.11.2018 02:00,"46.31"
13.11.2018 02:00 - 13.11.2018 03:00,"45.31"
13.11.2018 03:00 - 13.11.2018 04:00,"44.88"
13.11.2018 04:00 - 13.11.2018 05:00,"46.03"
13.11.2018 05:00 - 13.11.2018 06:00,"47.28"
13.11.2018 06:00 - 13.11.2018 07:00,"62.14"
13.11.2018 07:00 - 13.11.2018 08:00,"67.91"
13.11.2018 08:00 - 13.11.2018 09:00,"69.89"
13.11.2018 09:00 - 13.11.2018 10:00,"64.69"
13.11.2018 10:00 - 13.11.2018 11:00,"64.20"
13.11.2018 11:00 - 13.11.2018 12:00,"54.43"
13.11.2018 12:00 - 13.11.2018 13:00,"48.52"
13.11.2018 13:00 - 13.11.2018 14:00,"47.91"
13.11.2018 14:00 - 13.11.2018 15:00,"48.31"
13.11.2018 15:00 - 13.11.2018 16:00,"49.94"
13.11.2018 16:00 - 13.11.2018 17:00,"52.75"
13.11.2018 17:00 - 13.11.2018 18:00,"64.30"
13.11.2018 18:00 - 13.11.2018 19:00,"62.16"
13.11.2018 19:00 - 13.11.2018 20:00,"57.97"
13.11.2018 20:00 - 13.11.2018 21:00,"49.23"
13.11.2018 21:00 - 13.11.2018 22:00,"46.69"
13.11.2018 22:00 - 13.11.2018 23:00,"45.52"
13.11.2018 23:00 - 14.11.2018 00:00,"43.68"
14.11.2018 00:00 - 14.11.2018 01:00,"43.14"
14.11.2018 01:00 - 14.11.2018 02:00,"43.13"
14.11.2018 02:00 - 14.11.2018 03:00,"43.15"
14.11.2018 03:00 - 14.11.2018 04:00,"45.28"
14.11.2018 04:00 - 14.11.2018 05:00,"45.78"
14.11.2018 05:00 - 14.11.2018 06:00,"48.52"
14.11.2018 06:00 - 14.11.2018 07:00,"60.08"
14.11.2018 07:00 - 14.11.2018 08:00,"69.75"
14.11.2018 08:00 - 14.11.2018 09:00,"71.04"
14.11.2018 09:00 - 14.11.2018 10:00,"69.87"
14.11.2018 10:00 - 14.11.2018 11:00,"67.14"
14.11.2018 11:00 - 14.11.2018 12:00,"66.03"
14.11.2018 12:00 - 14.11.2018 13:00,"62.23"
14.11.2018 13:00 - 14.11.2018 14:00,"64.18"
14.11.2018 14:00 - 14.11.2018 15:00,"65.90"
14.11.2018 15:00 - 14.11.2018 16:00,"70.10"
14.11.2018 16:00 - 14.11.2018 17:00,"73.98"
14.11.2018 17:00 - 14.11.2018 18:00,"83.47"
14.11.2018 18:00 - 14.11.2018 19:00,"80.13"
14.11.2018 19:00 - 14.11.2018 20:00,"74.90"
14.11.2018 20:00 - 14.11.2018 21:00,"68.88"
14.11.2018 21:00 - 14.11.2018 22:00,"63.00"
14.11.2018 22:00 - 14.11.2018 23:00,"54.85"
14.11.2018 23:00 - 15.11.2018 00:00,"50.30"
15.11.2018 00:00 - 15.11.2018 01:00,"51.67"
15.11.2018 01:00 - 15.11.2018 02:00,"50.80"
15.11.2018 02:00 - 15.11.2018 03:00,"51.27"
15.11.2018 03:00 - 15.11.2018 04:00,"50.29"
15.11.2018 04:00 - 15.11.2018 05:00,"51.03"
15.11.2018 05:00 - 15.11.2018 06:00,"53.17"
15.11.2018 06:00 - 15.11.2018 07:00,"65.05"
15.11.2018 07:00 - 15.11.2018 08:00,"73.16"
15.11.2018 08:00 - 15.11.2018 09:00,"74.44"
15.11.2018 09:00 - 15.11.2018 10:00,"73.27"
15.11.2018 10:00 - 15.11.2018 11:00,"70.00"
15.11.2018 11:00 - 15.11.2018 12:00,"68.40"
15.11.2018 12:00 - 15.11.2018 13:00,"67.19"
15.11.2018 13:00 - 15.11.2018 14:00,"67.51"
15.11.2018 14:00 - 15.11.2018 15:00,"68.43"
15.11.2018 15:00 - 15.11.2018 16:00,"73.10"
15.11.2018 16:00 - 15.11.2018 17:00,"74.47"
15.11.2018 17:00 - 15.11.2018 18:00,"79.70"
15.11.2018 18:00 - 15.11.2018 19:00,"73.10"
15.11.2018 19:00 - 15.11.2018 20:00,"70.35"
15.11.2018 20:00 - 15.11.2018 21:00,"61.38"
15.11.2018 21:00 - 15.11.2018 22:00,"53.52"
15.11.2018 22:00 - 15.11.2018 23:00,"53.06"
15.11.2018 23:00 - 16.11.2018 00:00,"49.14"
16.11.2018 00:00 - 16.11.2018 01:00,"46.42"
16.11.2018 01:00 - 16.11.2018 02:00,"49.67"
16.11.2018 02:00 - 16.11.2018 03:00,"48.14"
16.11.2018 03:00 - 16.11.2018 04:00,"48.91"
16.11.2018 04:00 - 16.11.2018 05:00,"49.11"
16.11.2018 05:00 - 16.11.2018 06:00,"50.40"
16.11.2018 06:00 - 16.11.2018 07:00,"63.48"
16.11.2018 07:00 - 16.11.2018 08:00,"68.32"
16.11.2018 08:00 - 16.11.2018 09:00,"72.64"
16.11.2018 09:00 - 16.11.2018 10:00,"68.76"
16.11.2018 10:00 - 16.11.2018 11:00,"69.17"
16.11.2018 11:00 - 16.11.2018 12:00,"63.50"
16.11.2018 12:00 - 16.11.2018 13:00,"60.19"
16.11.2018 13:00 - 16.11.2018 14:00,"63.35"
16.11.2018 14:00 - 16.11.2018 15:00,"66.86"
16.11.2018 15:00 - 16.11.2018 16:00,"68.04"
16.11.2018 16:00 - 16.11.2018 17:00,"69.97"
16.11.2018 17:00 - 16.11.2018 18:00,"67.76"
16.11.2018 18:00 - 16.11.2018 19:00,"58.41"
16.11.2018 19:00 - 16.11.2018 20:00,"52.03"
16.11.2018 20:00 - 16.11.2018 21:00,"46.53"
16.11.2018 21:00 - 16.11.2018 22:00,"45.77"
16.11.2018 22:00 - 16.11.2018 23:00,"45.23"
16.11.2018 23:00 - 17.11.2018 00:00,"43.80"
17.11.2018 00:00 - 17.11.2018 01:00,"43.71"
17.11.2018 01:00 - 17.11.2018 02:00,"38.43"
17.11.2018 02:00 - 17.11.2018 03:00,"43.81"
17.11.2018 03:00 - 17.11.2018 04:00,"42.03"
17.11.2018 04:00 - 17.11.2018 05:00,"42.87"
17.11.2018 05:00 - 17.11.2018 06:00,"41.16"
17.11.2018 06:00 - 17.11.2018 07:00,"44.22"
17.11.2018 07:00 - 17.11.2018 08:00,"46.19"
17.11.2018 08:00 - 17.11.2018 09:00,"46.17"
17.11.2018 09:00 - 17.11.2018 10:00,"46.90"
17.11.2018 10:00 - 17.11.2018 11:00,"46.82"
17.11.2018 11:00 - 17.11.2018 12:00,"46.90"
17.11.2018 12:00 - 17.11.2018 13:00,"46.40"
17.11.2018 13:00 - 17.11.2018 14:00,"46.40"
17.11.2018 14:00 - 17.11.2018 15:00,"46.89"
17.11.2018 15:00 - 17.11.2018 16:00,"52.83"
17.11.2018 16:00 - 17.11.2018 17:00,"59.66"
17.11.2018 17:00 - 17.11.2018 18:00,"58.20"
17.11.2018 18:00 - 17.11.2018 19:00,"60.62"
17.11.2018 19:00 - 17.11.2018 20:00,"58.12"
17.11.2018 20:00 - 17.11.2018 21:00,"51.62"
17.11.2018 21:00 - 17.11.2018 22:00,"48.18"
17.11.2018 22:00 - 17.11.2018 23:00,"53.45"
17.11.2018 23:00 - 18.11.2018 00:00,"45.39"
18.11.2018 00:00 - 18.11.2018 01:00,"46.23"
18.11.2018 01:00 - 18.11.2018 02:00,"43.86"
18.11.2018 02:00 - 18.11.2018 03:00,"42.94"
18.11.2018 03:00 - 18.11.2018 04:00,"43.93"
18.11.2018 04:00 - 18.11.2018 05:00,"44.28"
18.11.2018 05:00 - 18.11.2018 06:00,"43.38"
18.11.2018 06:00 - 18.11.2018 07:00,"45.33"
18.11.2018 07:00 - 18.11.2018 08:00,"49.07"
18.11.2018 08:00 - 18.11.2018 09:00,"47.50"
18.11.2018 09:00 - 18.11.2018 10:00,"49.42"
18.11.2018 10:00 - 18.11.2018 11:00,"47.96"
18.11.2018 11:00 - 18.11.2018 12:00,"48.40"
18.11.2018 12:00 - 18.11.2018 13:00,"50.15"
18.11.2018 13:00 - 18.11.2018 14:00,"48.28"
18.11.2018 14:00 - 18.11.2018 15:00,"48.40"
18.11.2018 15:00 - 18.11.2018 16:00,"51.59"
18.11.2018 16:00 - 18.11.2018 17:00,"51.67"
18.11.2018 17:00 - 18.11.2018 18:00,"53.67"
18.11.2018 18:00 - 18.11.2018 19:00,"53.18"
18.11.2018 19:00 - 18.11.2018 20:00,"49.52"
18.11.2018 20:00 - 18.11.2018 21:00,"46.96"
18.11.2018 21:00 - 18.11.2018 22:00,"46.15"
18.11.2018 22:00 - 18.11.2018 23:00,"46.47"
18.11.2018 23:00 - 19.11.2018 00:00,"44.16"
19.11.2018 00:00 - 19.11.2018 01:00,"40.82"
19.11.2018 01:00 - 19.11.2018 02:00,"41.71"
19.11.2018 02:00 - 19.11.2018 03:00,"38.57"
19.11.2018 03:00 - 19.11.2018 04:00,"38.95"
19.11.2018 04:00 - 19.11.2018 05:00,"41.55"
19.11.2018 05:00 - 19.11.2018 06:00,"44.72"
19.11.2018 06:00 - 19.11.2018 07:00,"48.08"
19.11.2018 07:00 - 19.11.2018 08:00,"55.01"
19.11.2018 08:00 - 19.11.2018 09:00,"54.99"
19.11.2018 09:00 - 19.11.2018 10:00,"54.12"
19.11.2018 10:00 - 19.11.2018 11:00,"52.28"
19.11.2018 11:00 - 19.11.2018 12:00,"52.70"
19.11.2018 12:00 - 19.11.2018 13:00,"51.50"
19.11.2018 13:00 - 19.11.2018 14:00,"51.59"
19.11.2018 14:00 - 19.11.2018 15:00,"52.16"
19.11.2018 15:00 - 19.11.2018 16:00,"53.64"
19.11.2018 16:00 - 19.11.2018 17:00,"53.63"
19.11.2018 17:00 - 19.11.2018 18:00,"56.43"
19.11.2018 18:00 - 19.11.2018 19:00,"53.11"
19.11.2018 19:00 - 19.11.2018 20:00,"51.56"
19.11.2018 20:00 - 19.11.2018 21:00,"47.17"
19.11.2018 21:00 - 19.11.2018 22:00,"45.10"
19.11.2018 22:00 - 19.11.2018 23:00,"42.44"
19.11.2018 23:00 - 20.11.2018 00:00,"35.33"
20.11.2018 00:00 - 20.11.2018 01:00,"25.01"
20.11.2018 01:00 - 20.11.2018 02:00,"33.00"
20.11.2018 02:00 - 20.11.2018 03:00,"29.85"
20.11.2018 03:00 - 20.11.2018 04:00,"30.80"
20.11.2018 04:00 - 20.11.2018 05:00,"31.66"
20.11.2018 05:00 - 20.11.2018 06:00,"32.02"
20.11.2018 06:00 - 20.11.2018 07:00,"45.26"
20.11.2018 07:00 - 20.11.2018 08:00,"51.74"
20.11.2018 08:00 - 20.11.2018 09:00,"51.66"
20.11.2018 09:00 - 20.11.2018 10:00,"49.78"
20.11.2018 10:00 - 20.11.2018 11:00,"48.94"
20.11.2018 11:00 - 20.11.2018 12:00,"48.78"
20.11.2018 12:00 - 20.11.2018 13:00,"48.44"
20.11.2018 13:00 - 20.11.2018 14:00,"49.05"
20.11.2018 14:00 - 20.11.2018 15:00,"50.11"
20.11.2018 15:00 - 20.11.2018 16:00,"56.55"
20.11.2018 16:00 - 20.11.2018 17:00,"60.78"
20.11.2018 17:00 - 20.11.2018 18:00,"67.95"
20.11.2018 18:00 - 20.11.2018 19:00,"58.47"
20.11.2018 19:00 - 20.11.2018 20:00,"52.85"
20.11.2018 20:00 - 20.11.2018 21:00,"54.00"
20.11.2018 21:00 - 20.11.2018 22:00,"50.06"
20.11.2018 22:00 - 20.11.2018 23:00,"48.28"
20.11.2018 23:00 - 21.11.2018 00:00,"44.65"
21.11.2018 00:00 - 21.11.2018 01:00,"44.52"
21.11.2018 01:00 - 21.11.2018 02:00,"42.83"
21.11.2018 02:00 - 21.11.2018 03:00,"42.43"
21.11.2018 03:00 - 21.11.2018 04:00,"42.17"
21.11.2018 04:00 - 21.11.2018 05:00,"43.22"
21.11.2018 05:00 - 21.11.2018 06:00,"44.42"
21.11.2018 06:00 - 21.11.2018 07:00,"50.74"
21.11.2018 07:00 - 21.11.2018 08:00,"57.31"
21.11.2018 08:00 - 21.11.2018 09:00,"58.99"
21.11.2018 09:00 - 21.11.2018 10:00,"54.20"
21.11.2018 10:00 - 21.11.2018 11:00,"55.75"
21.11.2018 11:00 - 21.11.2018 12:00,"58.25"
21.11.2018 12:00 - 21.11.2018 13:00,"58.26"
21.11.2018 13:00 - 21.11.2018 14:00,"59.56"
21.11.2018 14:00 - 21.11.2018 15:00,"69.74"
21.11.2018 15:00 - 21.11.2018 16:00,"66.60"
21.11.2018 16:00 - 21.11.2018 17:00,"69.99"
21.11.2018 17:00 - 21.11.2018 18:00,"70.94"
21.11.2018 18:00 - 21.11.2018 19:00,"67.04"
21.11.2018 19:00 - 21.11.2018 20:00,"61.16"
21.11.2018 20:00 - 21.11.2018 21:00,"59.90"
21.11.2018 21:00 - 21.11.2018 22:00,"51.65"
21.11.2018 22:00 - 21.11.2018 23:00,"50.41"
21.11.2018 23:00 - 22.11.2018 00:00,"48.53"
22.11.2018 00:00 - 22.11.2018 01:00,"49.34"
22.11.2018 01:00 - 22.11.2018 02:00,"49.73"
22.11.2018 02:00 - 22.11.2018 03:00,"48.81"
22.11.2018 03:00 - 22.11.2018 04:00,"50.66"
22.11.2018 04:00 - 22.11.2018 05:00,"53.63"
22.11.2018 05:00 - 22.11.2018 06:00,"50.68"
22.11.2018 06:00 - 22.11.2018 07:00,"66.98"
22.11.2018 07:00 - 22.11.2018 08:00,"82.93"
22.11.2018 08:00 - 22.11.2018 09:00,"82.00"
22.11.2018 09:00 - 22.11.2018 10:00,"87.40"
22.11.2018 10:00 - 22.11.2018 11:00,"84.00"
22.11.2018 11:00 - 22.11.2018 12:00,"92.93"
22.11.2018 12:00 - 22.11.2018 13:00,"90.87"
22.11.2018 13:00 - 22.11.2018 14:00,"95.16"
22.11.2018 14:00 - 22.11.2018 15:00,"95.53"
22.11.2018 15:00 - 22.11.2018 16:00,"94.37"
22.11.2018 16:00 - 22.11.2018 17:00,"103.00"
22.11.2018 17:00 - 22.11.2018 18:00,"128.26"
22.11.2018 18:00 - 22.11.2018 19:00,"109.94"
22.11.2018 19:00 - 22.11.2018 20:00,"84.08"
22.11.2018 20:00 - 22.11.2018 21:00,"80.10"
22.11.2018 21:00 - 22.11.2018 22:00,"70.45"
22.11.2018 22:00 - 22.11.2018 23:00,"60.69"
22.11.2018 23:00 - 23.11.2018 00:00,"55.74"
23.11.2018 00:00 - 23.11.2018 01:00,"59.63"
23.11.2018 01:00 - 23.11.2018 02:00,"57.36"
23.11.2018 02:00 - 23.11.2018 03:00,"55.00"
23.11.2018 03:00 - 23.11.2018 04:00,"55.98"
23.11.2018 04:00 - 23.11.2018 05:00,"52.89"
23.11.2018 05:00 - 23.11.2018 06:00,"59.53"
23.11.2018 06:00 - 23.11.2018 07:00,"73.01"
23.11.2018 07:00 - 23.11.2018 08:00,"95.00"
23.11.2018 08:00 - 23.11.2018 09:00,"106.00"
23.11.2018 09:00 - 23.11.2018 10:00,"98.00"
23.11.2018 10:00 - 23.11.2018 11:00,"97.17"
23.11.2018 11:00 - 23.11.2018 12:00,"98.93"
23.11.2018 12:00 - 23.11.2018 13:00,"98.28"
23.11.2018 13:00 - 23.11.2018 14:00,"94.90"
23.11.2018 14:00 - 23.11.2018 15:00,"93.60"
23.11.2018 15:00 - 23.11.2018 16:00,"94.43"
23.11.2018 16:00 - 23.11.2018 17:00,"97.09"
23.11.2018 17:00 - 23.11.2018 18:00,"109.20"
23.11.2018 18:00 - 23.11.2018 19:00,"96.02"
23.11.2018 19:00 - 23.11.2018 20:00,"86.11"
23.11.2018 20:00 - 23.11.2018 21:00,"75.56"
23.11.2018 21:00 - 23.11.2018 22:00,"63.48"
23.11.2018 22:00 - 23.11.2018 23:00,"58.66"
23.11.2018 23:00 - 24.11.2018 00:00,"52.12"
24.11.2018 00:00 - 24.11.2018 01:00,"63.03"
24.11.2018 01:00 - 24.11.2018 02:00,"55.30"
24.11.2018 02:00 - 24.11.2018 03:00,"52.03"
24.11.2018 03:00 - 24.11.2018 04:00,"52.83"
24.11.2018 04:00 - 24.11.2018 05:00,"50.36"
24.11.2018 05:00 - 24.11.2018 06:00,"50.13"
24.11.2018 06:00 - 24.11.2018 07:00,"50.36"
24.11.2018 07:00 - 24.11.2018 08:00,"53.35"
24.11.2018 08:00 - 24.11.2018 09:00,"63.17"
24.11.2018 09:00 - 24.11.2018 10:00,"72.20"
24.11.2018 10:00 - 24.11.2018 11:00,"73.49"
24.11.2018 11:00 - 24.11.2018 12:00,"73.17"
24.11.2018 12:00 - 24.11.2018 13:00,"73.01"
24.11.2018 13:00 - 24.11.2018 14:00,"66.93"
24.11.2018 14:00 - 24.11.2018 15:00,"64.57"
24.11.2018 15:00 - 24.11.2018 16:00,"65.04"
24.11.2018 16:00 - 24.11.2018 17:00,"68.11"
24.11.2018 17:00 - 24.11.2018 18:00,"74.50"
24.11.2018 18:00 - 24.11.2018 19:00,"70.80"
24.11.2018 19:00 - 24.11.2018 20:00,"71.79"
24.11.2018 20:00 - 24.11.2018 21:00,"61.97"
24.11.2018 21:00 - 24.11.2018 22:00,"56.21"
24.11.2018 22:00 - 24.11.2018 23:00,"55.04"
24.11.2018 23:00 - 25.11.2018 00:00,"49.31"
25.11.2018 00:00 - 25.11.2018 01:00,"51.94"
25.11.2018 01:00 - 25.11.2018 02:00,"49.86"
25.11.2018 02:00 - 25.11.2018 03:00,"50.34"
25.11.2018 03:00 - 25.11.2018 04:00,"48.46"
25.11.2018 04:00 - 25.11.2018 05:00,"48.07"
25.11.2018 05:00 - 25.11.2018 06:00,"48.07"
25.11.2018 06:00 - 25.11.2018 07:00,"49.09"
25.11.2018 07:00 - 25.11.2018 08:00,"47.97"
25.11.2018 08:00 - 25.11.2018 09:00,"54.16"
25.11.2018 09:00 - 25.11.2018 10:00,"59.06"
25.11.2018 10:00 - 25.11.2018 11:00,"60.84"
25.11.2018 11:00 - 25.11.2018 12:00,"63.26"
25.11.2018 12:00 - 25.11.2018 13:00,"52.96"
25.11.2018 13:00 - 25.11.2018 14:00,"49.87"
25.11.2018 14:00 - 25.11.2018 15:00,"58.76"
25.11.2018 15:00 - 25.11.2018 16:00,"50.93"
25.11.2018 16:00 - 25.11.2018 17:00,"61.47"
25.11.2018 17:00 - 25.11.2018 18:00,"67.65"
25.11.2018 18:00 - 25.11.2018 19:00,"65.45"
25.11.2018 19:00 - 25.11.2018 20:00,"52.95"
25.11.2018 20:00 - 25.11.2018 21:00,"52.45"
25.11.2018 21:00 - 25.11.2018 22:00,"50.19"
25.11.2018 22:00 - 25.11.2018 23:00,"50.62"
25.11.2018 23:00 - 26.11.2018 00:00,"47.88"
26.11.2018 00:00 - 26.11.2018 01:00,"49.45"
26.11.2018 01:00 - 26.11.2018 02:00,"47.91"
26.11.2018 02:00 - 26.11.2018 03:00,"46.42"
26.11.2018 03:00 - 26.11.2018 04:00,"45.07"
26.11.2018 04:00 - 26.11.2018 05:00,"44.80"
26.11.2018 05:00 - 26.11.2018 06:00,"48.80"
26.11.2018 06:00 - 26.11.2018 07:00,"56.94"
26.11.2018 07:00 - 26.11.2018 08:00,"79.27"
26.11.2018 08:00 - 26.11.2018 09:00,"83.08"
26.11.2018 09:00 - 26.11.2018 10:00,"81.21"
26.11.2018 10:00 - 26.11.2018 11:00,"80.25"
26.11.2018 11:00 - 26.11.2018 12:00,"86.99"
26.11.2018 12:00 - 26.11.2018 13:00,"86.93"
26.11.2018 13:00 - 26.11.2018 14:00,"92.42"
26.11.2018 14:00 - 26.11.2018 15:00,"94.74"
26.11.2018 15:00 - 26.11.2018 16:00,"95.00"
26.11.2018 16:00 - 26.11.2018 17:00,"100.02"
26.11.2018 17:00 - 26.11.2018 18:00,"105.02"
26.11.2018 18:00 - 26.11.2018 19:00,"94.05"
26.11.2018 19:00 - 26.11.2018 20:00,"85.00"
26.11.2018 20:00 - 26.11.2018 21:00,"77.61"
26.11.2018 21:00 - 26.11.2018 22:00,"70.96"
26.11.2018 22:00 - 26.11.2018 23:00,"59.92"
26.11.2018 23:00 - 27.11.2018 00:00,"56.19"
27.11.2018 00:00 - 27.11.2018 01:00,"54.18"
27.11.2018 01:00 - 27.11.2018 02:00,"52.55"
27.11.2018 02:00 - 27.11.2018 03:00,"52.57"
27.11.2018 03:00 - 27.11.2018 04:00,"51.01"
27.11.2018 04:00 - 27.11.2018 05:00,"51.55"
27.11.2018 05:00 - 27.11.2018 06:00,"54.97"
27.11.2018 06:00 - 27.11.2018 07:00,"71.90"
27.11.2018 07:00 - 27.11.2018 08:00,"93.03"
27.11.2018 08:00 - 27.11.2018 09:00,"100.00"
27.11.2018 09:00 - 27.11.2018 10:00,"99.00"
27.11.2018 10:00 - 27.11.2018 11:00,"93.37"
27.11.2018 11:00 - 27.11.2018 12:00,"95.00"
27.11.2018 12:00 - 27.11.2018 13:00,"88.98"
27.11.2018 13:00 - 27.11.2018 14:00,"88.21"
27.11.2018 14:00 - 27.11.2018 15:00,"85.99"
27.11.2018 15:00 - 27.11.2018 16:00,"86.94"
27.11.2018 16:00 - 27.11.2018 17:00,"87.19"
27.11.2018 17:00 - 27.11.2018 18:00,"98.27"
27.11.2018 18:00 - 27.11.2018 19:00,"92.43"
27.11.2018 19:00 - 27.11.2018 20:00,"82.76"
27.11.2018 20:00 - 27.11.2018 21:00,"70.16"
27.11.2018 21:00 - 27.11.2018 22:00,"57.55"
27.11.2018 22:00 - 27.11.2018 23:00,"54.43"
27.11.2018 23:00 - 28.11.2018 00:00,"50.09"
28.11.2018 00:00 - 28.11.2018 01:00,"48.97"
28.11.2018 01:00 - 28.11.2018 02:00,"47.57"
28.11.2018 02:00 - 28.11.2018 03:00,"47.01"
28.11.2018 03:00 - 28.11.2018 04:00,"46.28"
28.11.2018 04:00 - 28.11.2018 05:00,"46.73"
28.11.2018 05:00 - 28.11.2018 06:00,"48.95"
28.11.2018 06:00 - 28.11.2018 07:00,"55.78"
28.11.2018 07:00 - 28.11.2018 08:00,"67.76"
28.11.2018 08:00 - 28.11.2018 09:00,"70.00"
28.11.2018 09:00 - 28.11.2018 10:00,"65.29"
28.11.2018 10:00 - 28.11.2018 11:00,"55.22"
28.11.2018 11:00 - 28.11.2018 12:00,"53.54"
28.11.2018 12:00 - 28.11.2018 13:00,"52.88"
28.11.2018 13:00 - 28.11.2018 14:00,"52.88"
28.11.2018 14:00 - 28.11.2018 15:00,"53.21"
28.11.2018 15:00 - 28.11.2018 16:00,"57.25"
28.11.2018 16:00 - 28.11.2018 17:00,"60.73"
28.11.2018 17:00 - 28.11.2018 18:00,"62.25"
28.11.2018 18:00 - 28.11.2018 19:00,"51.63"
28.11.2018 19:00 - 28.11.2018 20:00,"50.42"
28.11.2018 20:00 - 28.11.2018 21:00,"47.79"
28.11.2018 21:00 - 28.11.2018 22:00,"46.21"
28.11.2018 22:00 - 28.11.2018 23:00,"44.91"
28.11.2018 23:00 - 29.11.2018 00:00,"38.47"
29.11.2018 00:00 - 29.11.2018 01:00,"40.95"
29.11.2018 01:00 - 29.11.2018 02:00,"36.84"
29.11.2018 02:00 - 29.11.2018 03:00,"35.10"
29.11.2018 03:00 - 29.11.2018 04:00,"37.57"
29.11.2018 04:00 - 29.11.2018 05:00,"39.94"
29.11.2018 05:00 - 29.11.2018 06:00,"43.69"
29.11.2018 06:00 - 29.11.2018 07:00,"52.51"
29.11.2018 07:00 - 29.11.2018 08:00,"59.71"
29.11.2018 08:00 - 29.11.2018 09:00,"61.87"
29.11.2018 09:00 - 29.11.2018 10:00,"53.75"
29.11.2018 10:00 - 29.11.2018 11:00,"57.96"
29.11.2018 11:00 - 29.11.2018 12:00,"56.55"
29.11.2018 12:00 - 29.11.2018 13:00,"55.80"
29.11.2018 13:00 - 29.11.2018 14:00,"56.56"
29.11.2018 14:00 - 29.11.2018 15:00,"55.67"
29.11.2018 15:00 - 29.11.2018 16:00,"56.67"
29.11.2018 16:00 - 29.11.2018 17:00,"57.09"
29.11.2018 17:00 - 29.11.2018 18:00,"59.36"
29.11.2018 18:00 - 29.11.2018 19:00,"58.70"
29.11.2018 19:00 - 29.11.2018 20:00,"55.68"
29.11.2018 20:00 - 29.11.2018 21:00,"47.88"
29.11.2018 21:00 - 29.11.2018 22:00,"45.63"
29.11.2018 22:00 - 29.11.2018 23:00,"43.78"
29.11.2018 23:00 - 30.11.2018 00:00,"40.31"
30.11.2018 00:00 - 30.11.2018 01:00,"36.13"
30.11.2018 01:00 - 30.11.2018 02:00,"37.68"
30.11.2018 02:00 - 30.11.2018 03:00,"37.53"
30.11.2018 03:00 - 30.11.2018 04:00,"37.86"
30.11.2018 04:00 - 30.11.2018 05:00,"39.51"
30.11.2018 05:00 - 30.11.2018 06:00,"43.05"
30.11.2018 06:00 - 30.11.2018 07:00,"50.52"
30.11.2018 07:00 - 30.11.2018 08:00,"66.84"
30.11.2018 08:00 - 30.11.2018 09:00,"68.02"
30.11.2018 09:00 - 30.11.2018 10:00,"68.03"
30.11.2018 10:00 - 30.11.2018 11:00,"68.19"
30.11.2018 11:00 - 30.11.2018 12:00,"67.98"
30.11.2018 12:00 - 30.11.2018 13:00,"67.20"
30.11.2018 13:00 - 30.11.2018 14:00,"67.24"
30.11.2018 14:00 - 30.11.2018 15:00,"65.30"
30.11.2018 15:00 - 30.11.2018 16:00,"64.95"
30.11.2018 16:00 - 30.11.2018 17:00,"67.24"
30.11.2018 17:00 - 30.11.2018 18:00,"72.34"
30.11.2018 18:00 - 30.11.2018 19:00,"68.92"
30.11.2018 19:00 - 30.11.2018 20:00,"63.50"
30.11.2018 20:00 - 30.11.2018 21:00,"66.27"
30.11.2018 21:00 - 30.11.2018 22:00,"57.55"
30.11.2018 22:00 - 30.11.2018 23:00,"53.91"
30.11.2018 23:00 - 01.12.2018 00:00,"44.29"
01.12.2018 00:00 - 01.12.2018 01:00,"44.33"
01.12.2018 01:00 - 01.12.2018 02:00,"42.09"
01.12.2018 02:00 - 01.12.2018 03:00,"42.03"
01.12.2018 03:00 - 01.12.2018 04:00,"42.05"
01.12.2018 04:00 - 01.12.2018 05:00,"44.56"
01.12.2018 05:00 - 01.12.2018 06:00,"43.37"
01.12.2018 06:00 - 01.12.2018 07:00,"42.89"
01.12.2018 07:00 - 01.12.2018 08:00,"45.60"
01.12.2018 08:00 - 01.12.2018 09:00,"53.91"
01.12.2018 09:00 - 01.12.2018 10:00,"61.23"
01.12.2018 10:00 - 01.12.2018 11:00,"57.39"
01.12.2018 11:00 - 01.12.2018 12:00,"58.40"
01.12.2018 12:00 - 01.12.2018 13:00,"58.15"
01.12.2018 13:00 - 01.12.2018 14:00,"51.88"
01.12.2018 14:00 - 01.12.2018 15:00,"51.02"
01.12.2018 15:00 - 01.12.2018 16:00,"52.30"
01.12.2018 16:00 - 01.12.2018 17:00,"51.23"
01.12.2018 17:00 - 01.12.2018 18:00,"58.35"
01.12.2018 18:00 - 01.12.2018 19:00,"49.60"
01.12.2018 19:00 - 01.12.2018 20:00,"45.37"
01.12.2018 20:00 - 01.12.2018 21:00,"37.55"
01.12.2018 21:00 - 01.12.2018 22:00,"32.05"
01.12.2018 22:00 - 01.12.2018 23:00,"34.35"
01.12.2018 23:00 - 02.12.2018 00:00,"25.00"
02.12.2018 00:00 - 02.12.2018 01:00,"30.26"
02.12.2018 01:00 - 02.12.2018 02:00,"24.35"
02.12.2018 02:00 - 02.12.2018 03:00,"22.58"
02.12.2018 03:00 - 02.12.2018 04:00,"21.22"
02.12.2018 04:00 - 02.12.2018 05:00,"20.82"
02.12.2018 05:00 - 02.12.2018 06:00,"19.65"
02.12.2018 06:00 - 02.12.2018 07:00,"17.07"
02.12.2018 07:00 - 02.12.2018 08:00,"20.86"
02.12.2018 08:00 - 02.12.2018 09:00,"24.38"
02.12.2018 09:00 - 02.12.2018 10:00,"30.76"
02.12.2018 10:00 - 02.12.2018 11:00,"36.96"
02.12.2018 11:00 - 02.12.2018 12:00,"39.11"
02.12.2018 12:00 - 02.12.2018 13:00,"39.16"
02.12.2018 13:00 - 02.12.2018 14:00,"36.27"
02.12.2018 14:00 - 02.12.2018 15:00,"31.76"
02.12.2018 15:00 - 02.12.2018 16:00,"30.54"
02.12.2018 16:00 - 02.12.2018 17:00,"30.31"
02.12.2018 17:00 - 02.12.2018 18:00,"38.37"
02.12.2018 18:00 - 02.12.2018 19:00,"38.39"
02.12.2018 19:00 - 02.12.2018 20:00,"36.28"
02.12.2018 20:00 - 02.12.2018 21:00,"36.86"
02.12.2018 21:00 - 02.12.2018 22:00,"33.41"
02.12.2018 22:00 - 02.12.2018 23:00,"37.04"
02.12.2018 23:00 - 03.12.2018 00:00,"28.37"
03.12.2018 00:00 - 03.12.2018 01:00,"21.56"
03.12.2018 01:00 - 03.12.2018 02:00,"21.25"
03.12.2018 02:00 - 03.12.2018 03:00,"21.56"
03.12.2018 03:00 - 03.12.2018 04:00,"21.20"
03.12.2018 04:00 - 03.12.2018 05:00,"20.64"
03.12.2018 05:00 - 03.12.2018 06:00,"25.96"
03.12.2018 06:00 - 03.12.2018 07:00,"47.66"
03.12.2018 07:00 - 03.12.2018 08:00,"53.67"
03.12.2018 08:00 - 03.12.2018 09:00,"53.69"
03.12.2018 09:00 - 03.12.2018 10:00,"51.23"
03.12.2018 10:00 - 03.12.2018 11:00,"49.58"
03.12.2018 11:00 - 03.12.2018 12:00,"49.30"
03.12.2018 12:00 - 03.12.2018 13:00,"49.20"
03.12.2018 13:00 - 03.12.2018 14:00,"49.33"
03.12.2018 14:00 - 03.12.2018 15:00,"49.69"
03.12.2018 15:00 - 03.12.2018 16:00,"55.58"
03.12.2018 16:00 - 03.12.2018 17:00,"52.17"
03.12.2018 17:00 - 03.12.2018 18:00,"60.04"
03.12.2018 18:00 - 03.12.2018 19:00,"64.89"
03.12.2018 19:00 - 03.12.2018 20:00,"61.60"
03.12.2018 20:00 - 03.12.2018 21:00,"55.46"
03.12.2018 21:00 - 03.12.2018 22:00,"47.56"
03.12.2018 22:00 - 03.12.2018 23:00,"46.03"
03.12.2018 23:00 - 04.12.2018 00:00,"41.95"
04.12.2018 00:00 - 04.12.2018 01:00,"36.22"
04.12.2018 01:00 - 04.12.2018 02:00,"31.54"
04.12.2018 02:00 - 04.12.2018 03:00,"31.06"
04.12.2018 03:00 - 04.12.2018 04:00,"27.97"
04.12.2018 04:00 - 04.12.2018 05:00,"31.88"
04.12.2018 05:00 - 04.12.2018 06:00,"39.87"
04.12.2018 06:00 - 04.12.2018 07:00,"47.76"
04.12.2018 07:00 - 04.12.2018 08:00,"49.40"
04.12.2018 08:00 - 04.12.2018 09:00,"54.99"
04.12.2018 09:00 - 04.12.2018 10:00,"49.84"
04.12.2018 10:00 - 04.12.2018 11:00,"48.81"
04.12.2018 11:00 - 04.12.2018 12:00,"47.03"
04.12.2018 12:00 - 04.12.2018 13:00,"46.61"
04.12.2018 13:00 - 04.12.2018 14:00,"47.18"
04.12.2018 14:00 - 04.12.2018 15:00,"50.97"
04.12.2018 15:00 - 04.12.2018 16:00,"61.79"
04.12.2018 16:00 - 04.12.2018 17:00,"65.23"
04.12.2018 17:00 - 04.12.2018 18:00,"70.84"
04.12.2018 18:00 - 04.12.2018 19:00,"72.43"
04.12.2018 19:00 - 04.12.2018 20:00,"70.36"
04.12.2018 20:00 - 04.12.2018 21:00,"68.14"
04.12.2018 21:00 - 04.12.2018 22:00,"60.90"
04.12.2018 22:00 - 04.12.2018 23:00,"53.87"
04.12.2018 23:00 - 05.12.2018 00:00,"50.88"
05.12.2018 00:00 - 05.12.2018 01:00,"48.70"
05.12.2018 01:00 - 05.12.2018 02:00,"46.95"
05.12.2018 02:00 - 05.12.2018 03:00,"47.10"
05.12.2018 03:00 - 05.12.2018 04:00,"46.33"
05.12.2018 04:00 - 05.12.2018 05:00,"47.08"
05.12.2018 05:00 - 05.12.2018 06:00,"47.08"
05.12.2018 06:00 - 05.12.2018 07:00,"57.08"
05.12.2018 07:00 - 05.12.2018 08:00,"67.03"
05.12.2018 08:00 - 05.12.2018 09:00,"69.94"
05.12.2018 09:00 - 05.12.2018 10:00,"68.17"
05.12.2018 10:00 - 05.12.2018 11:00,"68.66"
05.12.2018 11:00 - 05.12.2018 12:00,"68.79"
05.12.2018 12:00 - 05.12.2018 13:00,"67.06"
05.12.2018 13:00 - 05.12.2018 14:00,"67.78"
05.12.2018 14:00 - 05.12.2018 15:00,"68.70"
05.12.2018 15:00 - 05.12.2018 16:00,"68.77"
05.12.2018 16:00 - 05.12.2018 17:00,"67.54"
05.12.2018 17:00 - 05.12.2018 18:00,"69.45"
05.12.2018 18:00 - 05.12.2018 19:00,"68.09"
05.12.2018 19:00 - 05.12.2018 20:00,"63.03"
05.12.2018 20:00 - 05.12.2018 21:00,"53.41"
05.12.2018 21:00 - 05.12.2018 22:00,"49.21"
05.12.2018 22:00 - 05.12.2018 23:00,"48.57"
05.12.2018 23:00 - 06.12.2018 00:00,"46.54"
06.12.2018 00:00 - 06.12.2018 01:00,"41.01"
06.12.2018 01:00 - 06.12.2018 02:00,"42.26"
06.12.2018 02:00 - 06.12.2018 03:00,"41.74"
06.12.2018 03:00 - 06.12.2018 04:00,"41.98"
06.12.2018 04:00 - 06.12.2018 05:00,"42.07"
06.12.2018 05:00 - 06.12.2018 06:00,"47.70"
06.12.2018 06:00 - 06.12.2018 07:00,"54.04"
06.12.2018 07:00 - 06.12.2018 08:00,"64.04"
06.12.2018 08:00 - 06.12.2018 09:00,"67.17"
06.12.2018 09:00 - 06.12.2018 10:00,"66.95"
06.12.2018 10:00 - 06.12.2018 11:00,"67.29"
06.12.2018 11:00 - 06.12.2018 12:00,"67.07"
06.12.2018 12:00 - 06.12.2018 13:00,"66.11"
06.12.2018 13:00 - 06.12.2018 14:00,"65.23"
06.12.2018 14:00 - 06.12.2018 15:00,"64.23"
06.12.2018 15:00 - 06.12.2018 16:00,"60.85"
06.12.2018 16:00 - 06.12.2018 17:00,"61.99"
06.12.2018 17:00 - 06.12.2018 18:00,"58.55"
06.12.2018 18:00 - 06.12.2018 19:00,"55.84"
06.12.2018 19:00 - 06.12.2018 20:00,"53.18"
06.12.2018 20:00 - 06.12.2018 21:00,"51.06"
06.12.2018 21:00 - 06.12.2018 22:00,"49.08"
06.12.2018 22:00 - 06.12.2018 23:00,"46.62"
06.12.2018 23:00 - 07.12.2018 00:00,"37.87"
07.12.2018 00:00 - 07.12.2018 01:00,"35.83"
07.12.2018 01:00 - 07.12.2018 02:00,"32.17"
07.12.2018 02:00 - 07.12.2018 03:00,"29.88"
07.12.2018 03:00 - 07.12.2018 04:00,"28.59"
07.12.2018 04:00 - 07.12.2018 05:00,"26.43"
07.12.2018 05:00 - 07.12.2018 06:00,"33.44"
07.12.2018 06:00 - 07.12.2018 07:00,"48.57"
07.12.2018 07:00 - 07.12.2018 08:00,"61.13"
07.12.2018 08:00 - 07.12.2018 09:00,"59.95"
07.12.2018 09:00 - 07.12.2018 10:00,"54.50"
07.12.2018 10:00 - 07.12.2018 11:00,"53.23"
07.12.2018 11:00 - 07.12.2018 12:00,"52.80"
07.12.2018 12:00 - 07.12.2018 13:00,"51.69"
07.12.2018 13:00 - 07.12.2018 14:00,"49.79"
07.12.2018 14:00 - 07.12.2018 15:00,"48.04"
07.12.2018 15:00 - 07.12.2018 16:00,"46.03"
07.12.2018 16:00 - 07.12.2018 17:00,"48.06"
07.12.2018 17:00 - 07.12.2018 18:00,"49.00"
07.12.2018 18:00 - 07.12.2018 19:00,"48.53"
07.12.2018 19:00 - 07.12.2018 20:00,"47.22"
07.12.2018 20:00 - 07.12.2018 21:00,"40.49"
07.12.2018 21:00 - 07.12.2018 22:00,"32.47"
07.12.2018 22:00 - 07.12.2018 23:00,"27.18"
07.12.2018 23:00 - 08.12.2018 00:00,"16.85"
08.12.2018 00:00 - 08.12.2018 01:00,"10.56"
08.12.2018 01:00 - 08.12.2018 02:00,"6.53"
08.12.2018 02:00 - 08.12.2018 03:00,"1.34"
08.12.2018 03:00 - 08.12.2018 04:00,"-0.08"
08.12.2018 04:00 - 08.12.2018 05:00,"0.06"
08.12.2018 05:00 - 08.12.2018 06:00,"0.09"
08.12.2018 06:00 - 08.12.2018 07:00,"1.71"
08.12.2018 07:00 - 08.12.2018 08:00,"15.74"
08.12.2018 08:00 - 08.12.2018 09:00,"15.88"
08.12.2018 09:00 - 08.12.2018 10:00,"12.39"
08.12.2018 10:00 - 08.12.2018 11:00,"6.91"
08.12.2018 11:00 - 08.12.2018 12:00,"10.45"
08.12.2018 12:00 - 08.12.2018 13:00,"19.03"
08.12.2018 13:00 - 08.12.2018 14:00,"19.60"
08.12.2018 14:00 - 08.12.2018 15:00,"20.25"
08.12.2018 15:00 - 08.12.2018 16:00,"20.97"
08.12.2018 16:00 - 08.12.2018 17:00,"20.94"
08.12.2018 17:00 - 08.12.2018 18:00,"20.81"
08.12.2018 18:00 - 08.12.2018 19:00,"25.46"
08.12.2018 19:00 - 08.12.2018 20:00,"21.05"
08.12.2018 20:00 - 08.12.2018 21:00,"15.84"
08.12.2018 21:00 - 08.12.2018 22:00,"0.05"
08.12.2018 22:00 - 08.12.2018 23:00,"10.69"
08.12.2018 23:00 - 09.12.2018 00:00,"8.50"
09.12.2018 00:00 - 09.12.2018 01:00,"-0.78"
09.12.2018 01:00 - 09.12.2018 02:00,"-1.72"
09.12.2018 02:00 - 09.12.2018 03:00,"-8.48"
09.12.2018 03:00 - 09.12.2018 04:00,"-5.08"
09.12.2018 04:00 - 09.12.2018 05:00,"-9.00"
09.12.2018 05:00 - 09.12.2018 06:00,"-6.21"
09.12.2018 06:00 - 09.12.2018 07:00,"-16.62"
09.12.2018 07:00 - 09.12.2018 08:00,"-10.93"
09.12.2018 08:00 - 09.12.2018 09:00,"-4.74"
09.12.2018 09:00 - 09.12.2018 10:00,"8.33"
09.12.2018 10:00 - 09.12.2018 11:00,"20.51"
09.12.2018 11:00 - 09.12.2018 12:00,"25.62"
09.12.2018 12:00 - 09.12.2018 13:00,"25.21"
09.12.2018 13:00 - 09.12.2018 14:00,"20.52"
09.12.2018 14:00 - 09.12.2018 15:00,"19.39"
09.12.2018 15:00 - 09.12.2018 16:00,"19.33"
09.12.2018 16:00 - 09.12.2018 17:00,"17.79"
09.12.2018 17:00 - 09.12.2018 18:00,"21.39"
09.12.2018 18:00 - 09.12.2018 19:00,"30.93"
09.12.2018 19:00 - 09.12.2018 20:00,"19.44"
09.12.2018 20:00 - 09.12.2018 21:00,"11.69"
09.12.2018 21:00 - 09.12.2018 22:00,"3.74"
09.12.2018 22:00 - 09.12.2018 23:00,"19.49"
09.12.2018 23:00 - 10.12.2018 00:00,"14.19"
10.12.2018 00:00 - 10.12.2018 01:00,"4.96"
10.12.2018 01:00 - 10.12.2018 02:00,"2.19"
10.12.2018 02:00 - 10.12.2018 03:00,"0.12"
10.12.2018 03:00 - 10.12.2018 04:00,"0.91"
10.12.2018 04:00 - 10.12.2018 05:00,"0.06"
10.12.2018 05:00 - 10.12.2018 06:00,"21.17"
10.12.2018 06:00 - 10.12.2018 07:00,"44.51"
10.12.2018 07:00 - 10.12.2018 08:00,"55.97"
10.12.2018 08:00 - 10.12.2018 09:00,"51.18"
10.12.2018 09:00 - 10.12.2018 10:00,"52.48"
10.12.2018 10:00 - 10.12.2018 11:00,"48.89"
10.12.2018 11:00 - 10.12.2018 12:00,"39.49"
10.12.2018 12:00 - 10.12.2018 13:00,"38.09"
10.12.2018 13:00 - 10.12.2018 14:00,"43.21"
10.12.2018 14:00 - 10.12.2018 15:00,"47.94"
10.12.2018 15:00 - 10.12.2018 16:00,"51.30"
10.12.2018 16:00 - 10.12.2018 17:00,"50.59"
10.12.2018 17:00 - 10.12.2018 18:00,"50.68"
10.12.2018 18:00 - 10.12.2018 19:00,"49.14"
10.12.2018 19:00 - 10.12.2018 20:00,"49.39"
10.12.2018 20:00 - 10.12.2018 21:00,"47.73"
10.12.2018 21:00 - 10.12.2018 22:00,"39.63"
10.12.2018 22:00 - 10.12.2018 23:00,"39.59"
10.12.2018 23:00 - 11.12.2018 00:00,"38.65"
11.12.2018 00:00 - 11.12.2018 01:00,"35.64"
11.12.2018 01:00 - 11.12.2018 02:00,"31.87"
11.12.2018 02:00 - 11.12.2018 03:00,"35.26"
11.12.2018 03:00 - 11.12.2018 04:00,"35.03"
11.12.2018 04:00 - 11.12.2018 05:00,"33.49"
11.12.2018 05:00 - 11.12.2018 06:00,"33.02"
11.12.2018 06:00 - 11.12.2018 07:00,"44.63"
11.12.2018 07:00 - 11.12.2018 08:00,"52.66"
11.12.2018 08:00 - 11.12.2018 09:00,"57.62"
11.12.2018 09:00 - 11.12.2018 10:00,"54.06"
11.12.2018 10:00 - 11.12.2018 11:00,"53.55"
11.12.2018 11:00 - 11.12.2018 12:00,"59.75"
11.12.2018 12:00 - 11.12.2018 13:00,"62.73"
11.12.2018 13:00 - 11.12.2018 14:00,"65.06"
11.12.2018 14:00 - 11.12.2018 15:00,"65.91"
11.12.2018 15:00 - 11.12.2018 16:00,"67.65"
11.12.2018 16:00 - 11.12.2018 17:00,"69.93"
11.12.2018 17:00 - 11.12.2018 18:00,"81.36"
11.12.2018 18:00 - 11.12.2018 19:00,"75.93"
11.12.2018 19:00 - 11.12.2018 20:00,"70.74"
11.12.2018 20:00 - 11.12.2018 21:00,"68.04"
11.12.2018 21:00 - 11.12.2018 22:00,"64.07"
11.12.2018 22:00 - 11.12.2018 23:00,"58.48"
11.12.2018 23:00 - 12.12.2018 00:00,"52.40"
12.12.2018 00:00 - 12.12.2018 01:00,"50.02"
12.12.2018 01:00 - 12.12.2018 02:00,"48.70"
12.12.2018 02:00 - 12.12.2018 03:00,"49.01"
12.12.2018 03:00 - 12.12.2018 04:00,"48.28"
12.12.2018 04:00 - 12.12.2018 05:00,"48.69"
12.12.2018 05:00 - 12.12.2018 06:00,"52.29"
12.12.2018 06:00 - 12.12.2018 07:00,"66.47"
12.12.2018 07:00 - 12.12.2018 08:00,"85.05"
12.12.2018 08:00 - 12.12.2018 09:00,"90.12"
12.12.2018 09:00 - 12.12.2018 10:00,"89.68"
12.12.2018 10:00 - 12.12.2018 11:00,"86.88"
12.12.2018 11:00 - 12.12.2018 12:00,"81.06"
12.12.2018 12:00 - 12.12.2018 13:00,"75.95"
12.12.2018 13:00 - 12.12.2018 14:00,"76.41"
12.12.2018 14:00 - 12.12.2018 15:00,"79.41"
12.12.2018 15:00 - 12.12.2018 16:00,"82.24"
12.12.2018 16:00 - 12.12.2018 17:00,"82.18"
12.12.2018 17:00 - 12.12.2018 18:00,"89.86"
12.12.2018 18:00 - 12.12.2018 19:00,"83.45"
12.12.2018 19:00 - 12.12.2018 20:00,"77.27"
12.12.2018 20:00 - 12.12.2018 21:00,"69.99"
12.12.2018 21:00 - 12.12.2018 22:00,"61.90"
12.12.2018 22:00 - 12.12.2018 23:00,"52.60"
12.12.2018 23:00 - 13.12.2018 00:00,"50.43"
13.12.2018 00:00 - 13.12.2018 01:00,"52.89"
13.12.2018 01:00 - 13.12.2018 02:00,"50.56"
13.12.2018 02:00 - 13.12.2018 03:00,"49.75"
13.12.2018 03:00 - 13.12.2018 04:00,"49.04"
13.12.2018 04:00 - 13.12.2018 05:00,"48.24"
13.12.2018 05:00 - 13.12.2018 06:00,"50.91"
13.12.2018 06:00 - 13.12.2018 07:00,"61.50"
13.12.2018 07:00 - 13.12.2018 08:00,"75.96"
13.12.2018 08:00 - 13.12.2018 09:00,"76.49"
13.12.2018 09:00 - 13.12.2018 10:00,"75.90"
13.12.2018 10:00 - 13.12.2018 11:00,"75.37"
13.12.2018 11:00 - 13.12.2018 12:00,"74.00"
13.12.2018 12:00 - 13.12.2018 13:00,"72.98"
13.12.2018 13:00 - 13.12.2018 14:00,"72.98"
13.12.2018 14:00 - 13.12.2018 15:00,"74.40"
13.12.2018 15:00 - 13.12.2018 16:00,"78.77"
13.12.2018 16:00 - 13.12.2018 17:00,"81.33"
13.12.2018 17:00 - 13.12.2018 18:00,"88.71"
13.12.2018 18:00 - 13.12.2018 19:00,"77.24"
13.12.2018 19:00 - 13.12.2018 20:00,"77.50"
13.12.2018 20:00 - 13.12.2018 21:00,"60.78"
13.12.2018 21:00 - 13.12.2018 22:00,"54.29"
13.12.2018 22:00 - 13.12.2018 23:00,"58.32"
13.12.2018 23:00 - 14.12.2018 00:00,"51.92"
14.12.2018 00:00 - 14.12.2018 01:00,"49.69"
14.12.2018 01:00 - 14.12.2018 02:00,"48.83"
14.12.2018 02:00 - 14.12.2018 03:00,"48.39"
14.12.2018 03:00 - 14.12.2018 04:00,"48.94"
14.12.2018 04:00 - 14.12.2018 05:00,"49.69"
14.12.2018 05:00 - 14.12.2018 06:00,"54.13"
14.12.2018 06:00 - 14.12.2018 07:00,"64.98"
14.12.2018 07:00 - 14.12.2018 08:00,"77.75"
14.12.2018 08:00 - 14.12.2018 09:00,"90.08"
14.12.2018 09:00 - 14.12.2018 10:00,"88.93"
14.12.2018 10:00 - 14.12.2018 11:00,"83.90"
14.12.2018 11:00 - 14.12.2018 12:00,"84.33"
14.12.2018 12:00 - 14.12.2018 13:00,"83.30"
14.12.2018 13:00 - 14.12.2018 14:00,"81.81"
14.12.2018 14:00 - 14.12.2018 15:00,"83.30"
14.12.2018 15:00 - 14.12.2018 16:00,"83.04"
14.12.2018 16:00 - 14.12.2018 17:00,"84.84"
14.12.2018 17:00 - 14.12.2018 18:00,"97.29"
14.12.2018 18:00 - 14.12.2018 19:00,"83.35"
14.12.2018 19:00 - 14.12.2018 20:00,"75.65"
14.12.2018 20:00 - 14.12.2018 21:00,"72.51"
14.12.2018 21:00 - 14.12.2018 22:00,"60.79"
14.12.2018 22:00 - 14.12.2018 23:00,"59.42"
14.12.2018 23:00 - 15.12.2018 00:00,"52.88"
15.12.2018 00:00 - 15.12.2018 01:00,"58.07"
15.12.2018 01:00 - 15.12.2018 02:00,"52.83"
15.12.2018 02:00 - 15.12.2018 03:00,"52.12"
15.12.2018 03:00 - 15.12.2018 04:00,"52.74"
15.12.2018 04:00 - 15.12.2018 05:00,"51.25"
15.12.2018 05:00 - 15.12.2018 06:00,"50.78"
15.12.2018 06:00 - 15.12.2018 07:00,"51.07"
15.12.2018 07:00 - 15.12.2018 08:00,"52.21"
15.12.2018 08:00 - 15.12.2018 09:00,"54.76"
15.12.2018 09:00 - 15.12.2018 10:00,"68.40"
15.12.2018 10:00 - 15.12.2018 11:00,"66.98"
15.12.2018 11:00 - 15.12.2018 12:00,"68.93"
15.12.2018 12:00 - 15.12.2018 13:00,"64.95"
15.12.2018 13:00 - 15.12.2018 14:00,"58.71"
15.12.2018 14:00 - 15.12.2018 15:00,"55.35"
15.12.2018 15:00 - 15.12.2018 16:00,"53.89"
15.12.2018 16:00 - 15.12.2018 17:00,"53.66"
15.12.2018 17:00 - 15.12.2018 18:00,"60.32"
15.12.2018 18:00 - 15.12.2018 19:00,"52.87"
15.12.2018 19:00 - 15.12.2018 20:00,"48.29"
15.12.2018 20:00 - 15.12.2018 21:00,"50.30"
15.12.2018 21:00 - 15.12.2018 22:00,"46.92"
15.12.2018 22:00 - 15.12.2018 23:00,"43.64"
15.12.2018 23:00 - 16.12.2018 00:00,"36.72"
16.12.2018 00:00 - 16.12.2018 01:00,"36.96"
16.12.2018 01:00 - 16.12.2018 02:00,"38.81"
16.12.2018 02:00 - 16.12.2018 03:00,"38.10"
16.12.2018 03:00 - 16.12.2018 04:00,"38.58"
16.12.2018 04:00 - 16.12.2018 05:00,"38.23"
16.12.2018 05:00 - 16.12.2018 06:00,"38.42"
16.12.2018 06:00 - 16.12.2018 07:00,"38.41"
16.12.2018 07:00 - 16.12.2018 08:00,"37.08"
16.12.2018 08:00 - 16.12.2018 09:00,"42.76"
16.12.2018 09:00 - 16.12.2018 10:00,"47.42"
16.12.2018 10:00 - 16.12.2018 11:00,"47.59"
16.12.2018 11:00 - 16.12.2018 12:00,"50.55"
16.12.2018 12:00 - 16.12.2018 13:00,"55.87"
16.12.2018 13:00 - 16.12.2018 14:00,"54.24"
16.12.2018 14:00 - 16.12.2018 15:00,"52.25"
16.12.2018 15:00 - 16.12.2018 16:00,"53.58"
16.12.2018 16:00 - 16.12.2018 17:00,"58.45"
16.12.2018 17:00 - 16.12.2018 18:00,"67.01"
16.12.2018 18:00 - 16.12.2018 19:00,"71.10"
16.12.2018 19:00 - 16.12.2018 20:00,"64.95"
16.12.2018 20:00 - 16.12.2018 21:00,"61.61"
16.12.2018 21:00 - 16.12.2018 22:00,"60.60"
16.12.2018 22:00 - 16.12.2018 23:00,"50.63"
16.12.2018 23:00 - 17.12.2018 00:00,"49.82"
17.12.2018 00:00 - 17.12.2018 01:00,"52.08"
17.12.2018 01:00 - 17.12.2018 02:00,"50.08"
17.12.2018 02:00 - 17.12.2018 03:00,"49.92"
17.12.2018 03:00 - 17.12.2018 04:00,"49.05"
17.12.2018 04:00 - 17.12.2018 05:00,"49.47"
17.12.2018 05:00 - 17.12.2018 06:00,"52.03"
17.12.2018 06:00 - 17.12.2018 07:00,"65.15"
17.12.2018 07:00 - 17.12.2018 08:00,"78.10"
17.12.2018 08:00 - 17.12.2018 09:00,"83.70"
17.12.2018 09:00 - 17.12.2018 10:00,"83.76"
17.12.2018 10:00 - 17.12.2018 11:00,"82.00"
17.12.2018 11:00 - 17.12.2018 12:00,"80.96"
17.12.2018 12:00 - 17.12.2018 13:00,"79.02"
17.12.2018 13:00 - 17.12.2018 14:00,"79.01"
17.12.2018 14:00 - 17.12.2018 15:00,"79.03"
17.12.2018 15:00 - 17.12.2018 16:00,"78.98"
17.12.2018 16:00 - 17.12.2018 17:00,"79.05"
17.12.2018 17:00 - 17.12.2018 18:00,"80.90"
17.12.2018 18:00 - 17.12.2018 19:00,"81.38"
17.12.2018 19:00 - 17.12.2018 20:00,"79.00"
17.12.2018 20:00 - 17.12.2018 21:00,"75.04"
17.12.2018 21:00 - 17.12.2018 22:00,"66.60"
17.12.2018 22:00 - 17.12.2018 23:00,"58.12"
17.12.2018 23:00 - 18.12.2018 00:00,"52.95"
18.12.2018 00:00 - 18.12.2018 01:00,"51.16"
18.12.2018 01:00 - 18.12.2018 02:00,"51.02"
18.12.2018 02:00 - 18.12.2018 03:00,"49.83"
18.12.2018 03:00 - 18.12.2018 04:00,"48.93"
18.12.2018 04:00 - 18.12.2018 05:00,"49.00"
18.12.2018 05:00 - 18.12.2018 06:00,"51.03"
18.12.2018 06:00 - 18.12.2018 07:00,"58.81"
18.12.2018 07:00 - 18.12.2018 08:00,"71.23"
18.12.2018 08:00 - 18.12.2018 09:00,"74.63"
18.12.2018 09:00 - 18.12.2018 10:00,"72.04"
18.12.2018 10:00 - 18.12.2018 11:00,"69.68"
18.12.2018 11:00 - 18.12.2018 12:00,"68.57"
18.12.2018 12:00 - 18.12.2018 13:00,"66.12"
18.12.2018 13:00 - 18.12.2018 14:00,"66.43"
18.12.2018 14:00 - 18.12.2018 15:00,"66.87"
18.12.2018 15:00 - 18.12.2018 16:00,"66.15"
18.12.2018 16:00 - 18.12.2018 17:00,"65.90"
18.12.2018 17:00 - 18.12.2018 18:00,"67.14"
18.12.2018 18:00 - 18.12.2018 19:00,"61.05"
18.12.2018 19:00 - 18.12.2018 20:00,"55.07"
18.12.2018 20:00 - 18.12.2018 21:00,"53.53"
18.12.2018 21:00 - 18.12.2018 22:00,"50.26"
18.12.2018 22:00 - 18.12.2018 23:00,"48.42"
18.12.2018 23:00 - 19.12.2018 00:00,"43.81"
19.12.2018 00:00 - 19.12.2018 01:00,"40.02"
19.12.2018 01:00 - 19.12.2018 02:00,"37.97"
19.12.2018 02:00 - 19.12.2018 03:00,"37.03"
19.12.2018 03:00 - 19.12.2018 04:00,"35.14"
19.12.2018 04:00 - 19.12.2018 05:00,"39.91"
19.12.2018 05:00 - 19.12.2018 06:00,"42.41"
19.12.2018 06:00 - 19.12.2018 07:00,"47.30"
19.12.2018 07:00 - 19.12.2018 08:00,"52.45"
19.12.2018 08:00 - 19.12.2018 09:00,"56.37"
19.12.2018 09:00 - 19.12.2018 10:00,"57.97"
19.12.2018 10:00 - 19.12.2018 11:00,"58.35"
19.12.2018 11:00 - 19.12.2018 12:00,"69.70"
19.12.2018 12:00 - 19.12.2018 13:00,"69.19"
19.12.2018 13:00 - 19.12.2018 14:00,"69.89"
19.12.2018 14:00 - 19.12.2018 15:00,"69.76"
19.12.2018 15:00 - 19.12.2018 16:00,"69.03"
19.12.2018 16:00 - 19.12.2018 17:00,"69.35"
19.12.2018 17:00 - 19.12.2018 18:00,"69.63"
19.12.2018 18:00 - 19.12.2018 19:00,"69.80"
19.12.2018 19:00 - 19.12.2018 20:00,"69.08"
19.12.2018 20:00 - 19.12.2018 21:00,"66.96"
19.12.2018 21:00 - 19.12.2018 22:00,"55.58"
19.12.2018 22:00 - 19.12.2018 23:00,"51.63"
19.12.2018 23:00 - 20.12.2018 00:00,"50.08"
20.12.2018 00:00 - 20.12.2018 01:00,"47.62"
20.12.2018 01:00 - 20.12.2018 02:00,"48.18"
20.12.2018 02:00 - 20.12.2018 03:00,"48.35"
20.12.2018 03:00 - 20.12.2018 04:00,"47.50"
20.12.2018 04:00 - 20.12.2018 05:00,"47.72"
20.12.2018 05:00 - 20.12.2018 06:00,"47.19"
20.12.2018 06:00 - 20.12.2018 07:00,"54.37"
20.12.2018 07:00 - 20.12.2018 08:00,"66.29"
20.12.2018 08:00 - 20.12.2018 09:00,"68.49"
20.12.2018 09:00 - 20.12.2018 10:00,"68.40"
20.12.2018 10:00 - 20.12.2018 11:00,"66.60"
20.12.2018 11:00 - 20.12.2018 12:00,"66.53"
20.12.2018 12:00 - 20.12.2018 13:00,"64.80"
20.12.2018 13:00 - 20.12.2018 14:00,"64.79"
20.12.2018 14:00 - 20.12.2018 15:00,"64.07"
20.12.2018 15:00 - 20.12.2018 16:00,"64.33"
20.12.2018 16:00 - 20.12.2018 17:00,"60.78"
20.12.2018 17:00 - 20.12.2018 18:00,"57.97"
20.12.2018 18:00 - 20.12.2018 19:00,"57.73"
20.12.2018 19:00 - 20.12.2018 20:00,"55.75"
20.12.2018 20:00 - 20.12.2018 21:00,"49.60"
20.12.2018 21:00 - 20.12.2018 22:00,"47.79"
20.12.2018 22:00 - 20.12.2018 23:00,"49.83"
20.12.2018 23:00 - 21.12.2018 00:00,"45.85"
21.12.2018 00:00 - 21.12.2018 01:00,"45.76"
21.12.2018 01:00 - 21.12.2018 02:00,"45.03"
21.12.2018 02:00 - 21.12.2018 03:00,"42.90"
21.12.2018 03:00 - 21.12.2018 04:00,"38.03"
21.12.2018 04:00 - 21.12.2018 05:00,"39.98"
21.12.2018 05:00 - 21.12.2018 06:00,"42.80"
21.12.2018 06:00 - 21.12.2018 07:00,"47.55"
21.12.2018 07:00 - 21.12.2018 08:00,"62.77"
21.12.2018 08:00 - 21.12.2018 09:00,"62.81"
21.12.2018 09:00 - 21.12.2018 10:00,"56.91"
21.12.2018 10:00 - 21.12.2018 11:00,"58.12"
21.12.2018 11:00 - 21.12.2018 12:00,"59.31"
21.12.2018 12:00 - 21.12.2018 13:00,"61.93"
21.12.2018 13:00 - 21.12.2018 14:00,"56.34"
21.12.2018 14:00 - 21.12.2018 15:00,"54.34"
21.12.2018 15:00 - 21.12.2018 16:00,"52.80"
21.12.2018 16:00 - 21.12.2018 17:00,"53.19"
21.12.2018 17:00 - 21.12.2018 18:00,"54.42"
21.12.2018 18:00 - 21.12.2018 19:00,"53.13"
21.12.2018 19:00 - 21.12.2018 20:00,"49.71"
21.12.2018 20:00 - 21.12.2018 21:00,"45.33"
21.12.2018 21:00 - 21.12.2018 22:00,"40.03"
21.12.2018 22:00 - 21.12.2018 23:00,"37.73"
21.12.2018 23:00 - 22.12.2018 00:00,"30.06"
22.12.2018 00:00 - 22.12.2018 01:00,"-5.36"
22.12.2018 01:00 - 22.12.2018 02:00,"3.57"
22.12.2018 02:00 - 22.12.2018 03:00,"-0.06"
22.12.2018 03:00 - 22.12.2018 04:00,"-0.10"
22.12.2018 04:00 - 22.12.2018 05:00,"-0.77"
22.12.2018 05:00 - 22.12.2018 06:00,"9.32"
22.12.2018 06:00 - 22.12.2018 07:00,"16.58"
22.12.2018 07:00 - 22.12.2018 08:00,"34.56"
22.12.2018 08:00 - 22.12.2018 09:00,"45.36"
22.12.2018 09:00 - 22.12.2018 10:00,"47.92"
22.12.2018 10:00 - 22.12.2018 11:00,"48.44"
22.12.2018 11:00 - 22.12.2018 12:00,"53.08"
22.12.2018 12:00 - 22.12.2018 13:00,"51.92"
22.12.2018 13:00 - 22.12.2018 14:00,"52.61"
22.12.2018 14:00 - 22.12.2018 15:00,"51.97"
22.12.2018 15:00 - 22.12.2018 16:00,"53.78"
22.12.2018 16:00 - 22.12.2018 17:00,"55.04"
22.12.2018 17:00 - 22.12.2018 18:00,"56.52"
22.12.2018 18:00 - 22.12.2018 19:00,"57.07"
22.12.2018 19:00 - 22.12.2018 20:00,"58.40"
22.12.2018 20:00 - 22.12.2018 21:00,"51.92"
22.12.2018 21:00 - 22.12.2018 22:00,"50.11"
22.12.2018 22:00 - 22.12.2018 23:00,"47.08"
22.12.2018 23:00 - 23.12.2018 00:00,"39.94"
23.12.2018 00:00 - 23.12.2018 01:00,"43.33"
23.12.2018 01:00 - 23.12.2018 02:00,"32.10"
23.12.2018 02:00 - 23.12.2018 03:00,"28.34"
23.12.2018 03:00 - 23.12.2018 04:00,"24.72"
23.12.2018 04:00 - 23.12.2018 05:00,"23.00"
23.12.2018 05:00 - 23.12.2018 06:00,"14.81"
23.12.2018 06:00 - 23.12.2018 07:00,"12.03"
23.12.2018 07:00 - 23.12.2018 08:00,"24.01"
23.12.2018 08:00 - 23.12.2018 09:00,"29.90"
23.12.2018 09:00 - 23.12.2018 10:00,"39.16"
23.12.2018 10:00 - 23.12.2018 11:00,"40.38"
23.12.2018 11:00 - 23.12.2018 12:00,"46.14"
23.12.2018 12:00 - 23.12.2018 13:00,"49.59"
23.12.2018 13:00 - 23.12.2018 14:00,"48.00"
23.12.2018 14:00 - 23.12.2018 15:00,"46.39"
23.12.2018 15:00 - 23.12.2018 16:00,"51.60"
23.12.2018 16:00 - 23.12.2018 17:00,"55.99"
23.12.2018 17:00 - 23.12.2018 18:00,"63.36"
23.12.2018 18:00 - 23.12.2018 19:00,"64.80"
23.12.2018 19:00 - 23.12.2018 20:00,"64.72"
23.12.2018 20:00 - 23.12.2018 21:00,"60.92"
23.12.2018 21:00 - 23.12.2018 22:00,"53.99"
23.12.2018 22:00 - 23.12.2018 23:00,"54.42"
23.12.2018 23:00 - 24.12.2018 00:00,"52.32"
24.12.2018 00:00 - 24.12.2018 01:00,"43.01"
24.12.2018 01:00 - 24.12.2018 02:00,"39.93"
24.12.2018 02:00 - 24.12.2018 03:00,"36.85"
24.12.2018 03:00 - 24.12.2018 04:00,"33.17"
24.12.2018 04:00 - 24.12.2018 05:00,"34.37"
24.12.2018 05:00 - 24.12.2018 06:00,"38.04"
24.12.2018 06:00 - 24.12.2018 07:00,"39.99"
24.12.2018 07:00 - 24.12.2018 08:00,"49.09"
24.12.2018 08:00 - 24.12.2018 09:00,"52.90"
24.12.2018 09:00 - 24.12.2018 10:00,"53.39"
24.12.2018 10:00 - 24.12.2018 11:00,"53.10"
24.12.2018 11:00 - 24.12.2018 12:00,"52.88"
24.12.2018 12:00 - 24.12.2018 13:00,"52.97"
24.12.2018 13:00 - 24.12.2018 14:00,"52.46"
24.12.2018 14:00 - 24.12.2018 15:00,"52.44"
24.12.2018 15:00 - 24.12.2018 16:00,"52.90"
24.12.2018 16:00 - 24.12.2018 17:00,"53.24"
24.12.2018 17:00 - 24.12.2018 18:00,"52.61"
24.12.2018 18:00 - 24.12.2018 19:00,"51.31"
24.12.2018 19:00 - 24.12.2018 20:00,"50.74"
24.12.2018 20:00 - 24.12.2018 21:00,"49.76"
24.12.2018 21:00 - 24.12.2018 22:00,"48.53"
24.12.2018 22:00 - 24.12.2018 23:00,"48.38"
24.12.2018 23:00 - 25.12.2018 00:00,"31.88"
25.12.2018 00:00 - 25.12.2018 01:00,"23.79"
25.12.2018 01:00 - 25.12.2018 02:00,"0.09"
25.12.2018 02:00 - 25.12.2018 03:00,"-0.04"
25.12.2018 03:00 - 25.12.2018 04:00,"7.94"
25.12.2018 04:00 - 25.12.2018 05:00,"12.48"
25.12.2018 05:00 - 25.12.2018 06:00,"0.72"
25.12.2018 06:00 - 25.12.2018 07:00,"-7.30"
25.12.2018 07:00 - 25.12.2018 08:00,"-5.68"
25.12.2018 08:00 - 25.12.2018 09:00,"20.34"
25.12.2018 09:00 - 25.12.2018 10:00,"24.85"
25.12.2018 10:00 - 25.12.2018 11:00,"14.93"
25.12.2018 11:00 - 25.12.2018 12:00,"24.68"
25.12.2018 12:00 - 25.12.2018 13:00,"26.49"
25.12.2018 13:00 - 25.12.2018 14:00,"5.81"
25.12.2018 14:00 - 25.12.2018 15:00,"3.91"
25.12.2018 15:00 - 25.12.2018 16:00,"17.99"
25.12.2018 16:00 - 25.12.2018 17:00,"25.40"
25.12.2018 17:00 - 25.12.2018 18:00,"29.49"
25.12.2018 18:00 - 25.12.2018 19:00,"41.79"
25.12.2018 19:00 - 25.12.2018 20:00,"42.40"
25.12.2018 20:00 - 25.12.2018 21:00,"42.53"
25.12.2018 21:00 - 25.12.2018 22:00,"36.23"
25.12.2018 22:00 - 25.12.2018 23:00,"39.94"
25.12.2018 23:00 - 26.12.2018 00:00,"27.40"
26.12.2018 00:00 - 26.12.2018 01:00,"25.04"
26.12.2018 01:00 - 26.12.2018 02:00,"24.57"
26.12.2018 02:00 - 26.12.2018 03:00,"21.71"
26.12.2018 03:00 - 26.12.2018 04:00,"23.68"
26.12.2018 04:00 - 26.12.2018 05:00,"20.99"
26.12.2018 05:00 - 26.12.2018 06:00,"28.51"
26.12.2018 06:00 - 26.12.2018 07:00,"28.99"
26.12.2018 07:00 - 26.12.2018 08:00,"46.48"
26.12.2018 08:00 - 26.12.2018 09:00,"49.35"
26.12.2018 09:00 - 26.12.2018 10:00,"51.10"
26.12.2018 10:00 - 26.12.2018 11:00,"53.14"
26.12.2018 11:00 - 26.12.2018 12:00,"54.88"
26.12.2018 12:00 - 26.12.2018 13:00,"54.25"
26.12.2018 13:00 - 26.12.2018 14:00,"51.81"
26.12.2018 14:00 - 26.12.2018 15:00,"51.33"
26.12.2018 15:00 - 26.12.2018 16:00,"51.92"
26.12.2018 16:00 - 26.12.2018 17:00,"58.13"
26.12.2018 17:00 - 26.12.2018 18:00,"66.59"
26.12.2018 18:00 - 26.12.2018 19:00,"68.42"
26.12.2018 19:00 - 26.12.2018 20:00,"69.80"
26.12.2018 20:00 - 26.12.2018 21:00,"62.30"
26.12.2018 21:00 - 26.12.2018 22:00,"59.93"
26.12.2018 22:00 - 26.12.2018 23:00,"62.34"
26.12.2018 23:00 - 27.12.2018 00:00,"52.40"
27.12.2018 00:00 - 27.12.2018 01:00,"47.41"
27.12.2018 01:00 - 27.12.2018 02:00,"47.10"
27.12.2018 02:00 - 27.12.2018 03:00,"46.74"
27.12.2018 03:00 - 27.12.2018 04:00,"45.03"
27.12.2018 04:00 - 27.12.2018 05:00,"46.02"
27.12.2018 05:00 - 27.12.2018 06:00,"49.18"
27.12.2018 06:00 - 27.12.2018 07:00,"51.03"
27.12.2018 07:00 - 27.12.2018 08:00,"58.89"
27.12.2018 08:00 - 27.12.2018 09:00,"64.96"
27.12.2018 09:00 - 27.12.2018 10:00,"64.61"
27.12.2018 10:00 - 27.12.2018 11:00,"59.01"
27.12.2018 11:00 - 27.12.2018 12:00,"58.45"
27.12.2018 12:00 - 27.12.2018 13:00,"66.14"
27.12.2018 13:00 - 27.12.2018 14:00,"65.00"
27.12.2018 14:00 - 27.12.2018 15:00,"65.51"
27.12.2018 15:00 - 27.12.2018 16:00,"68.11"
27.12.2018 16:00 - 27.12.2018 17:00,"69.22"
27.12.2018 17:00 - 27.12.2018 18:00,"70.74"
27.12.2018 18:00 - 27.12.2018 19:00,"71.97"
27.12.2018 19:00 - 27.12.2018 20:00,"71.25"
27.12.2018 20:00 - 27.12.2018 21:00,"70.00"
27.12.2018 21:00 - 27.12.2018 22:00,"62.56"
27.12.2018 22:00 - 27.12.2018 23:00,"64.62"
27.12.2018 23:00 - 28.12.2018 00:00,"56.81"
28.12.2018 00:00 - 28.12.2018 01:00,"50.04"
28.12.2018 01:00 - 28.12.2018 02:00,"50.00"
28.12.2018 02:00 - 28.12.2018 03:00,"49.19"
28.12.2018 03:00 - 28.12.2018 04:00,"48.51"
28.12.2018 04:00 - 28.12.2018 05:00,"48.07"
28.12.2018 05:00 - 28.12.2018 06:00,"49.82"
28.12.2018 06:00 - 28.12.2018 07:00,"52.03"
28.12.2018 07:00 - 28.12.2018 08:00,"62.63"
28.12.2018 08:00 - 28.12.2018 09:00,"65.77"
28.12.2018 09:00 - 28.12.2018 10:00,"67.10"
28.12.2018 10:00 - 28.12.2018 11:00,"66.27"
28.12.2018 11:00 - 28.12.2018 12:00,"66.36"
28.12.2018 12:00 - 28.12.2018 13:00,"63.42"
28.12.2018 13:00 - 28.12.2018 14:00,"63.92"
28.12.2018 14:00 - 28.12.2018 15:00,"64.64"
28.12.2018 15:00 - 28.12.2018 16:00,"63.35"
28.12.2018 16:00 - 28.12.2018 17:00,"66.01"
28.12.2018 17:00 - 28.12.2018 18:00,"67.98"
28.12.2018 18:00 - 28.12.2018 19:00,"70.16"
28.12.2018 19:00 - 28.12.2018 20:00,"68.93"
28.12.2018 20:00 - 28.12.2018 21:00,"66.00"
28.12.2018 21:00 - 28.12.2018 22:00,"59.91"
28.12.2018 22:00 - 28.12.2018 23:00,"54.00"
28.12.2018 23:00 - 29.12.2018 00:00,"51.01"